timestamp,ch,ws,wd,temp,rh,pa,sr
2021-01-01 00:00:00,28.4,0.6,114.2,22.7,92.3,944.5,184.1
2021-01-01 00:10:00,0,0.2,74.6,23.1,89.7,944.6,199.9
2021-01-01 00:20:00,0,0,21.9,23.6,87,944.8,275.4
2021-01-01 00:30:00,0,0.4,56.4,24,84.8,944.9,266.8
2021-01-01 00:40:00,0,0.8,73.7,23.9,84.8,945,285.6
2021-01-01 00:50:00,0,0.2,25.8,24.3,82.8,945,316.6
2021-01-01 01:00:00,0,0.4,100,24.5,82.7,944.8,385.3
2021-01-01 01:10:00,0,0.8,76.2,24.9,81.5,944.7,423.9
2021-01-01 01:20:00,0,0.2,22.4,25,79.3,944.8,366.6
2021-01-01 01:30:00,0,0.8,111.3,25.1,80.2,944.9,411.1
2021-01-01 01:40:00,0,0.8,120.6,25.3,78.5,944.7,505.9
2021-01-01 01:50:00,0,0.7,147,25.4,78.6,944.7,477.5
2021-01-01 02:00:00,0,1.1,115,25.5,77.4,944.5,373.9
2021-01-01 02:10:00,0,0.6,106.8,25.5,76.2,944.5,395.6
2021-01-01 02:20:00,0,1,91.7,25.7,76.3,944.3,418.1
2021-01-01 02:30:00,0,2,138.2,26.1,78.4,944.2,967.1
2021-01-01 02:40:00,0,1.4,136.9,26.1,75.8,944.2,850.2
2021-01-01 02:50:00,0,1.5,161.6,26,77.3,944.1,519.4
2021-01-01 03:00:00,0,1.2,64.4,26.3,74.4,944.1,767.8
2021-01-01 03:10:00,0,1,125.4,26.7,72.1,944.1,652.2
2021-01-01 03:20:00,0,1.1,180.5,26.7,72.6,943.9,627.9
2021-01-01 03:30:00,0,1.7,104.6,27.2,72.3,943.9,681.3
2021-01-01 04:00:00,0,1.7,148.3,27.8,68.4,943.5,1008.1
2021-01-01 04:10:00,0,0,0,0,0,0,0
2021-01-01 04:20:00,0,2.3,137.4,28.1,69,943.3,1007.7
2021-01-01 04:30:00,0,1.7,145.7,28.2,68.1,943.3,1023.2
2021-01-01 04:40:00,0,1.2,84.7,28.4,66.1,943.2,755.9
2021-01-01 04:50:00,0,1.2,104.2,27.7,66.6,943.1,199.2
2021-01-01 05:00:00,0,1.5,318.2,26.8,73.6,943.1,38
2021-01-01 05:10:00,8,1.7,261.3,24.6,87.9,943.1,32.4
2021-01-01 05:20:00,12.4,1.2,241.8,22.9,93.9,943.1,54.8
2021-01-01 05:30:00,14.4,1.6,225.5,22.5,94.2,943,83.9
2021-01-01 05:40:00,14.4,1,184.3,22.6,93.3,942.7,118.2
2021-01-01 05:50:00,14.4,0.8,106,22.8,91.6,942.7,123
2021-01-01 06:00:00,14.4,0,11.2,23,91.2,942.5,112.8
2021-01-01 06:10:00,14.4,0.6,135,23.1,91.5,942.7,92.8
2021-01-01 06:20:00,14.4,0.3,70.1,23.1,92.4,942.6,72.9
2021-01-01 06:30:00,14.4,0.2,25.7,23.2,91.9,942.3,59
2021-01-01 06:40:00,14.4,1.7,83.5,23.3,90.2,942.4,55.7
2021-01-01 06:50:00,14.4,1.1,63.6,23.1,93.3,942.3,52
2021-01-01 07:00:00,14.4,0.2,75.1,22.8,93.4,942.1,55.5
2021-01-01 07:10:00,14.4,0.3,42.4,23,93.4,942,47.2
2021-01-01 07:20:00,14.4,0.3,12.3,23.2,93,942.1,46.9
2021-01-01 07:30:00,14.4,0.2,45.3,23.3,92.5,942.3,31
2021-01-01 07:40:00,14.4,0.8,121,23.2,93,942.3,29.8
2021-01-01 07:50:00,14.4,0.2,14.5,23.1,93.1,942.1,50.7
2021-01-01 08:00:00,14.4,0,342.3,23.1,93.8,942,55.5
2021-01-01 08:10:00,14.6,0.5,4,23.1,94.4,942,55.7
2021-01-01 08:20:00,14.6,0.1,301,23.1,94.2,942.1,51.7
2021-01-01 08:30:00,14.6,0.4,168.8,23.1,92.9,942,57
2021-01-01 08:40:00,14.6,0.1,36.5,23.2,92.7,942.1,47.7
2021-01-01 08:50:00,14.6,0.5,140.7,23.1,93.7,942.2,22
2021-01-01 09:00:00,14.6,0,28.4,23.2,93.9,942.5,18.4
2021-01-01 09:10:00,14.6,0.4,130,23.1,91.9,942.6,12
2021-01-01 09:20:00,14.8,1.2,119.5,23.2,94,942.8,7
2021-01-01 09:30:00,14.8,1.7,140.5,22.6,94.6,942.8,0.2
2021-01-01 09:40:00,15.2,1,144,22.3,96.1,942.9,0.3
2021-01-01 09:50:00,15.2,0.9,139.8,22.3,96.3,943,0.2
2021-01-01 10:00:00,15.4,0.8,147.5,22.3,96.4,943.1,0.1
2021-01-01 10:10:00,15.4,1.1,160.1,22.3,96.3,943.2,0.1
2021-01-01 10:20:00,16.6,1.5,184.9,22.3,96,943.3,0
2021-01-01 10:30:00,18.4,1.3,145.4,22.2,95.8,943.3,0.1
2021-01-01 10:40:00,19.4,0.8,117.8,22.2,96.1,943.3,0
2021-01-01 10:50:00,20,0.1,56.8,22.1,96.4,943.3,0
2021-01-01 11:20:00,21,0.3,327.1,22.1,97.2,943.3,0
2021-01-01 11:30:00,21.2,0.4,339.5,22.1,97.2,943.3,0
2021-01-01 11:40:00,21.2,0.3,336.4,22.1,97.2,943.3,0
2021-01-01 11:50:00,21.6,0.4,344.1,22.1,97,943.4,0
2021-01-01 12:00:00,21.6,0,0,22.1,97,943.5,0
2021-01-01 12:10:00,21.6,0,327.6,22.2,97.1,943.6,0
2021-01-01 12:20:00,21.6,0,318.8,22.2,97,943.7,0
2021-01-01 12:30:00,21.6,0,0,22.3,96.9,943.9,0
2021-01-01 12:40:00,21.6,0,0,22.3,96.8,944.1,0
2021-01-01 12:50:00,21.6,0,0,22.3,96.8,944.3,0
2021-01-01 13:00:00,21.6,0,0,22.3,97,944.4,0
2021-01-01 13:10:00,21.6,0,0,22.3,97.2,944.4,0
2021-01-01 13:20:00,21.6,0,0,22.4,97.2,944.3,0
2021-01-01 13:30:00,21.6,0,0,22.4,97,944.3,0
2021-01-01 13:40:00,21.6,0,9.1,22.4,97,944.3,0
2021-01-01 13:50:00,21.6,0.9,99.7,22.4,97.2,944.3,0
2021-01-01 14:00:00,21.6,0.9,87.6,22.4,97.2,944.3,0
2021-01-01 14:10:00,21.6,0.9,77.1,22.3,97.3,944.2,0
2021-01-01 14:20:00,21.6,0,0,22.3,97.3,944.2,0
2021-01-01 14:30:00,21.6,0,0,22.3,97.2,944.2,0
2021-01-01 14:40:00,21.6,0,0,22.2,97.1,944.1,0
2021-01-01 14:50:00,21.6,0,0,22.3,97.1,944.2,0
2021-01-01 15:00:00,21.6,0,0,22.2,96.8,944.3,0
2021-01-01 15:10:00,21.6,0,11.6,22.3,96.9,944.4,0
2021-01-01 15:20:00,21.6,0,0,22.3,96.8,944.3,0
2021-01-01 15:30:00,21.6,0.6,67.7,22.3,96.7,944.4,0
2021-01-01 15:40:00,21.6,0.4,45.9,22.4,96.9,944.2,0
2021-01-01 15:50:00,21.6,0,0,22.4,96.9,944.2,0
2021-01-01 16:00:00,21.6,0.4,0.4,22.4,96.9,944.1,0
2021-01-01 16:10:00,21.6,0.2,4.3,22.4,96.8,944,0
2021-01-01 16:20:00,21.6,0,7.3,22.4,96.8,943.9,0
2021-01-01 16:30:00,21.6,0,0,22.4,96.8,943.9,0
2021-01-01 16:40:00,21.6,0.1,10.3,22.4,96.7,943.9,0
2021-01-01 16:50:00,21.6,0.9,61.6,22.3,96.4,943.9,0
2021-01-01 17:00:00,21.6,0.9,74,22.3,96.1,943.9,0
2021-01-01 17:10:00,0,0,0,0,0,0,0
2021-01-01 17:20:00,21.6,0,21.9,22.4,96.3,943.6,0
2021-01-01 17:30:00,21.6,0,0,22.3,96.7,943.4,0
2021-01-01 17:40:00,21.6,0,0,22.3,97,943.3,0
2021-01-01 17:50:00,21.6,0,0,22.3,97.2,943.3,0
2021-01-01 18:00:00,21.6,0,0,22.3,97.1,943.2,0
2021-01-01 18:10:00,21.6,0,0,22.3,97,943.3,0
2021-01-01 18:20:00,21.6,0,0,22.3,97.1,943.3,0
2021-01-01 18:30:00,21.6,0,0,22.4,97.2,943.2,0
2021-01-01 18:40:00,21.6,0.1,341.3,22.3,97.2,943,0
2021-01-01 18:50:00,21.6,0.3,293.6,22.3,97.4,942.9,0
2021-01-01 19:00:00,21.6,0,0,22.2,97.4,942.9,0
2021-01-01 19:10:00,21.6,0,0,22.3,97.3,942.9,0
2021-01-01 19:20:00,21.6,0,0,22.3,97.3,942.8,0
2021-01-01 19:30:00,21.6,0,0,22.3,97.2,942.8,0
2021-01-01 19:40:00,21.6,0,0,22.3,97.3,942.9,0
2021-01-01 19:50:00,21.6,0.1,61.6,22.3,97.3,942.9,0
2021-01-01 20:00:00,21.6,0,0,22.4,97.4,942.8,0
2021-01-01 20:10:00,21.6,0,355.7,22.3,97.6,942.8,0
2021-01-01 20:20:00,21.6,0.3,313.6,22.3,97.6,942.8,0
2021-01-01 20:30:00,21.6,0,355.8,22.3,97.5,942.9,0
2021-01-01 20:40:00,21.6,0,0,22.3,97.2,943.1,0
2021-01-01 20:50:00,21.6,0,0,22.3,97,943,0
2021-01-01 21:00:00,21.6,0,0,22.3,96.9,942.8,0
2021-01-01 21:10:00,21.6,0,0,22.3,96.8,942.9,0
2021-01-01 21:20:00,21.6,0.6,69.2,22.3,96.5,943.1,0
2021-01-01 21:30:00,21.6,0.5,77.9,22.3,96.7,943.3,0
2021-01-01 21:40:00,21.6,0.2,43,22.3,97,943.3,0
2021-01-01 21:50:00,21.6,0,0,22.3,97.1,943.3,0
2021-01-01 22:20:00,21.6,0.2,330.6,22.2,97.3,943.6,0
2021-01-01 22:30:00,21.6,0,0,22.2,97.3,943.7,0.4
2021-01-01 22:40:00,21.6,0,0,22.2,97.2,943.7,8.6
2021-01-01 22:50:00,21.6,0,0,22.2,97,943.9,17
2021-01-01 23:20:00,21.6,0,0,22.6,94.4,944.2,62.1
2021-01-01 23:30:00,21.6,0.5,55.8,22.7,92.7,944.2,54.9
2021-01-01 23:40:00,21.6,0.7,79.7,22.8,92,944.4,56.9
2021-01-01 23:50:00,21.6,0.8,78.3,22.8,92.6,944.4,49.7
2021-01-02 00:00:00,21.6,0.9,73.5,22.8,92.8,944.6,52.4
2021-01-02 00:10:00,0,0.7,82,22.8,93.7,944.8,36.7
2021-01-02 00:20:00,0,0.9,90.2,22.8,94.4,945,38
2021-01-02 00:30:00,0,1.2,110.6,22.7,94.3,945.1,49.3
2021-01-02 00:40:00,0,1.3,126.1,22.4,95.1,945.1,71.2
2021-01-02 00:50:00,0,0.9,130,22.4,95.9,945.1,92.2
2021-01-02 01:00:00,0,0.7,126.4,22.5,95.5,945.1,111.3
2021-01-02 01:10:00,0,0.6,149.9,22.6,93.7,945.1,141.4
2021-01-02 01:20:00,0,0.6,126.2,22.9,92.7,944.9,210.9
2021-01-02 01:30:00,0.2,0.3,115,23.3,89.9,945,244.3
2021-01-02 01:40:00,0.2,0.3,338,24,85.8,944.9,395.6
2021-01-02 01:50:00,0.2,0.4,100.5,24.7,81.9,944.9,477.6
2021-01-02 02:00:00,0.2,1.1,129.5,24.6,83.2,944.9,364.4
2021-01-02 02:10:00,0.2,1.2,116.7,24.9,85,944.8,659.1
2021-01-02 02:20:00,0.2,1.5,117.4,25.6,77.6,944.6,844.3
2021-01-02 02:30:00,0.2,1.6,125.4,25.7,76.6,944.6,663.5
2021-01-02 03:00:00,0.2,2.5,111,25.6,79.3,944.3,539.2
2021-01-02 03:10:00,0.2,2.1,126.8,25.7,78.3,944.3,575.9
2021-01-02 03:20:00,0.2,2.5,146.1,25.8,77.2,944.3,754.7
2021-01-02 03:30:00,0.2,2,120.6,26.3,74.9,944.1,796.9
2021-01-02 04:00:00,0.2,1.6,129.8,25.9,77.2,943.8,332
2021-01-02 04:10:00,0.2,1.5,179,26,74.6,943.6,330.7
2021-01-02 04:20:00,0.2,1.8,141.7,25.9,76.6,943.6,334.5
2021-01-02 04:30:00,0.2,1.7,116.9,26.1,76.4,943.5,359.1
2021-01-02 04:40:00,0.2,2.3,105.1,26.4,75,943.3,509.9
2021-01-02 04:50:00,0.2,1.7,128.1,26.6,74.1,943.3,514.9
2021-01-02 05:00:00,0.2,2.1,107.7,26.5,74.1,943.3,380.6
2021-01-02 05:10:00,0.2,2.5,114.8,26.3,74.1,943.1,283
2021-01-02 05:20:00,0.2,2.9,121.6,26.4,71.9,942.9,432.4
2021-01-02 05:30:00,0.2,2.5,131.2,26.2,72.8,942.8,237.7
2021-01-02 05:40:00,0.2,2.2,123.5,26.2,72.6,942.8,223.9
2021-01-02 05:50:00,0.2,2.7,129.9,26.1,72.3,942.8,228.5
2021-01-02 06:00:00,0.2,2,124.8,25.9,72.5,942.8,188.5
2021-01-02 06:10:00,0.2,1.7,130.3,25.9,72.6,942.6,174.9
2021-01-02 06:20:00,0.2,1.5,111,25.9,73.6,942.6,125.1
2021-01-02 06:30:00,0.2,1.9,136.9,25.7,74.3,942.5,116.1
2021-01-02 06:40:00,0.2,1.7,124.9,25.7,75.7,942.5,84.6
2021-01-02 06:50:00,0.2,1.2,109.6,25.5,76.3,942.4,59.2
2021-01-02 07:00:00,0.2,1.5,105,25.5,78,942.2,70.2
2021-01-02 07:10:00,0.2,1.8,100.2,25.4,79.3,942.1,86.6
2021-01-02 07:20:00,0.2,2,114.6,25.4,80.3,942,101.7
2021-01-02 07:30:00,0.2,2.4,125,25.4,80.1,942,110.7
2021-01-02 07:40:00,0.2,2,148,25.4,80.1,942,122.6
2021-01-02 07:50:00,0.2,1.9,159.3,25.6,79.6,942,191.4
2021-01-02 08:00:00,0.2,1.8,145.8,25.7,80.4,942.1,200.8
2021-01-02 08:10:00,0.2,2.3,137.4,25.6,81.4,942.1,156.8
2021-01-02 08:20:00,0.2,2.1,144.1,25.4,82.6,942,151.8
2021-01-02 08:30:00,0.2,2.5,130.7,25.2,83.4,942,122.7
2021-01-02 09:00:00,0.2,3,163.6,24.8,85.5,942.3,84
2021-01-02 09:10:00,0.2,2.8,165,24.6,85.6,942.3,78.1
2021-01-02 09:20:00,0.2,2.5,161.9,24.4,85.9,942.2,79.3
2021-01-02 09:30:00,0.2,2.1,167.7,24.3,85.6,942.3,59.8
2021-01-02 09:40:00,0.2,1.7,181.6,24.3,83.7,942.3,54.1
2021-01-02 09:50:00,0.2,2.1,146.8,24.2,82.5,942.3,29.9
2021-01-02 10:00:00,0.2,1.6,132.8,23.7,85.6,942.5,36.8
2021-01-02 10:10:00,0.2,1.3,121.8,23.5,87.1,942.8,28.6
2021-01-02 10:20:00,0.2,1.8,105.2,23.5,88.4,942.8,13.7
2021-01-02 10:30:00,0.2,1.8,108.3,23.4,88.7,942.9,2.8
2021-01-02 10:40:00,0.2,2.1,97.7,23.1,90.3,943.1,0.1
2021-01-02 10:50:00,0.2,2.1,103.1,22.9,91.9,943.3,0
2021-01-02 11:00:00,0.2,2.1,100.4,22.8,92.8,943.4,0
2021-01-02 11:10:00,0.2,1.8,88,22.7,93.8,943.4,0
2021-01-02 11:20:00,0.6,2.2,68.3,22.5,95.4,943.5,0
2021-01-02 11:30:00,1,2.1,93.4,22.3,95.5,943.7,0
2021-01-02 11:40:00,1.2,1.6,105.2,22.3,95.8,943.8,0
2021-01-02 11:50:00,1.2,1.2,103.2,22.2,96,943.9,0
2021-01-02 12:00:00,1.6,1.3,112.2,22.2,95.9,943.9,0
2021-01-02 12:10:00,1.6,1.5,114.6,22.1,95.9,944.1,0
2021-01-02 12:20:00,1.6,0.7,106.1,22.1,95.8,944.2,0
2021-01-02 12:30:00,1.6,1.3,75.6,22.1,95.4,944.4,0
2021-01-02 12:40:00,1.6,1.1,92.6,22.2,94.7,944.4,0
2021-01-02 12:50:00,1.6,0.7,93.5,22.2,94.6,944.4,0
2021-01-02 13:00:00,1.6,0.1,30.3,22.2,94.5,944.4,0
2021-01-02 13:10:00,1.6,0,0,22.2,94.6,944.5,0
2021-01-02 13:20:00,1.6,0,0,22.2,94.6,944.5,0
2021-01-02 13:30:00,1.6,0,0,22.2,94.5,944.6,0
2021-01-02 13:40:00,1.6,0,0,22.3,94.7,944.5,0
2021-01-02 13:50:00,1.6,0,0,22.3,94.3,944.4,0
2021-01-02 14:20:00,1.6,0,22.5,22.1,94.6,944.6,0
2021-01-02 14:30:00,1.6,0.2,43.1,22.1,94.7,944.6,0
2021-01-02 14:40:00,1.6,1,164.8,22.1,94.8,944.7,0
2021-01-02 14:50:00,1.6,0,32.1,22,95.1,944.7,0
2021-01-02 15:00:00,1.6,0,0,22,95.2,944.8,0
2021-01-02 15:10:00,1.6,0.5,153.4,22,95.4,944.8,0
2021-01-02 15:20:00,1.6,0,306.7,22,95.3,944.7,0
2021-01-02 15:30:00,1.6,0,0,22,94.9,944.7,0
2021-01-02 15:40:00,1.6,0,0,22,94.9,944.8,0
2021-01-02 15:50:00,1.6,0,0,22,95,944.9,0
2021-01-02 16:00:00,1.6,0,0,22,95.1,944.8,0
2021-01-02 16:10:00,1.6,0,0,22,95.1,944.7,0
2021-01-02 16:20:00,1.6,0,0,22,95.3,944.7,0
2021-01-02 16:30:00,1.6,0,0,22,95.4,944.5,0
2021-01-02 16:40:00,1.6,0,0,22,95.6,944.5,0
2021-01-02 16:50:00,1.6,0,0,22,96.1,944.4,0
2021-01-02 17:00:00,1.6,0.4,294,21.9,96.3,944.4,0
2021-01-02 17:10:00,1.6,0.3,286.1,21.9,96.4,944.3,0
2021-01-02 17:20:00,1.6,0,340,22,96.1,944.2,0
2021-01-02 17:30:00,1.6,0,0,21.9,96,944.1,0
2021-01-02 17:40:00,1.6,0,0,21.9,96,943.9,0
2021-01-02 17:50:00,1.6,0,0,21.8,96.3,943.7,0
2021-01-02 18:00:00,1.6,0,0,21.6,96.7,943.6,0
2021-01-02 18:10:00,1.6,0,0,21.5,97.1,943.6,0
2021-01-02 18:20:00,1.6,0,0,21.4,97.2,943.4,0
2021-01-02 18:30:00,1.6,0,0,21.3,97.3,943.4,0
2021-01-02 18:40:00,1.6,0.6,281.5,21.3,97.4,943.4,0
2021-01-02 18:50:00,1.6,0.4,290.4,21.3,97.5,943.4,0
2021-01-02 19:00:00,1.6,0.3,282.7,21.3,97.6,943.4,0
2021-01-02 19:10:00,1.6,0.6,306,21.3,97.5,943.4,0
2021-01-02 19:20:00,1.6,0,348.5,21.2,97.5,943.4,0
2021-01-02 19:30:00,1.6,0.5,284.9,21.2,97.5,943.4,0
2021-01-02 19:40:00,1.6,0.6,238.1,21.1,97.5,943.3,0
2021-01-02 19:50:00,1.6,0.8,281.3,21,97.4,943.3,0
2021-01-02 20:00:00,1.6,0.2,325,21,97.3,943.3,0
2021-01-02 20:10:00,1.6,0.6,262.5,20.9,97.3,943.3,0
2021-01-02 20:20:00,1.6,0.5,255.6,20.9,97.4,943.1,0
2021-01-02 20:30:00,1.6,0.6,303.2,20.8,97,943.1,0
2021-01-02 20:40:00,1.6,0,353.3,20.9,96.8,942.9,0
2021-01-02 20:50:00,1.6,0.2,324,20.8,96.8,943,0
2021-01-02 21:00:00,1.6,0.4,307.6,20.8,96.8,943.1,0
2021-01-02 21:10:00,1.6,0.6,262.7,20.8,96.6,943.1,0
2021-01-02 21:20:00,1.6,0.1,316.6,20.8,96.6,943.2,0
2021-01-02 21:30:00,1.6,0.6,274.3,20.8,96.8,943.3,0
2021-01-02 21:40:00,1.6,0.3,303.6,20.9,96.7,943.3,0
2021-01-02 21:50:00,1.6,0.1,335.6,21,96.7,943.4,0
2021-01-02 22:00:00,1.6,0.3,347.2,21.1,96.6,943.5,0
2021-01-02 22:10:00,1.6,0.4,335.1,21.2,96.5,943.6,0
2021-01-02 22:20:00,1.6,0,355.4,21.1,96.5,943.8,0
2021-01-02 22:30:00,1.6,0.5,47.2,21.1,96.7,943.8,0.6
2021-01-02 22:40:00,1.6,0.2,51.7,21.2,97,943.9,13.2
2021-01-02 22:50:00,1.6,0,0,21.4,96.9,944,15.8
2021-01-02 23:40:00,1.6,0,336,22.1,93.1,944.4,161.8
2021-01-02 23:50:00,1.6,0,0,22.6,89.4,944.4,222.7
2021-01-03 00:00:00,1.6,0.2,319.9,23.3,85.6,944.4,331.2
2021-01-03 00:10:00,0,0.1,335.1,23.6,84,944.6,325
2021-01-03 00:20:00,0,0.8,270.6,23.9,83.2,944.8,354.2
2021-01-03 00:30:00,0,0.3,331.3,24.2,80.8,944.8,396.9
2021-01-03 00:40:00,0,0.3,94.5,23.9,82.4,944.9,255
2021-01-03 00:50:00,0,0.5,268.3,24.1,80.8,944.8,458.6
2021-01-03 01:00:00,0,1.1,172,25.1,77.8,944.9,620
2021-01-03 01:10:00,0,1.3,137.7,24.4,80.3,945.1,407.6
2021-01-03 01:20:00,0,1.5,158.3,24.3,81.6,945,353.3
2021-01-03 01:30:00,0,1.6,142.1,24.2,82.4,945,340.1
2021-01-03 01:40:00,0,1,160.5,24.6,79.7,944.9,613.3
2021-01-03 01:50:00,0,1.1,109.1,25.6,75.4,944.9,869.4
2021-01-03 02:00:00,0,1.8,103.1,26.2,74.7,944.8,745.8
2021-01-03 02:10:00,0,1.7,130,25.5,77.6,944.7,509
2021-01-03 02:20:00,0,1.4,105.9,25.9,75.8,944.5,522.3
2021-01-03 02:30:00,0,1.3,78.9,26.5,72.6,944.4,872
2021-01-03 02:40:00,0,1.8,117.1,26.9,70.1,944.3,654.2
2021-01-03 02:50:00,0,1.6,113,26.9,70.4,944.2,881.4
2021-01-03 03:00:00,0,1.8,97.9,27.4,68.2,944,809.9
2021-01-03 03:10:00,0,2.1,105.3,27.8,68.2,943.9,728.6
2021-01-03 03:40:00,0,2,129,27.1,67.6,943.3,524
2021-01-03 03:50:00,0.2,3.4,135.9,28.3,64.2,943.3,1077
2021-01-03 04:00:00,0.2,3.4,117.7,27.9,64.6,943.3,400.5
2021-01-03 04:10:00,0.2,2.7,135,27.6,66.4,943,445.2
2021-01-03 04:20:00,0.2,3.7,138.9,27.9,66,942.9,650.4
2021-01-03 04:30:00,0.2,3.7,148,28.1,64.8,942.9,575.8
2021-01-03 04:40:00,0.2,3.5,140.5,27.4,67.7,942.9,297.1
2021-01-03 04:50:00,0.2,3.5,139.6,27.3,67.2,942.8,240.1
2021-01-03 05:00:00,0.2,3,144.6,27.3,67,942.8,213.2
2021-01-03 05:10:00,0.2,2.7,133.9,27.2,66.8,942.6,216.5
2021-01-03 05:20:00,0.2,3.4,134.6,27.2,67.1,942.5,220.4
2021-01-03 05:30:00,0.2,3.3,143.7,27.1,69.1,942.4,276.4
2021-01-03 05:40:00,0.2,3.2,133,27.1,68.7,942.2,331.3
2021-01-03 05:50:00,0.2,3,130.5,27.3,69.4,942.1,416.2
2021-01-03 06:00:00,0.2,2.9,132.4,27.9,67.3,941.9,730
2021-01-03 06:10:00,0.2,3.5,137.6,28.4,65.9,941.8,938.5
2021-01-03 06:40:00,0.2,4,134.1,27.7,68.7,941.8,407.6
2021-01-03 06:50:00,0.2,4,144.5,26.7,74,941.8,250.7
2021-01-03 07:00:00,0.2,3.2,151.1,26.2,76.1,941.7,128.2
2021-01-03 07:10:00,0.2,3.9,145.2,25.8,76.6,941.6,104.5
2021-01-03 07:20:00,0.2,4.2,149.3,25.3,78.1,941.5,111.3
2021-01-03 07:30:00,0.2,3.9,133.1,25.3,78.2,941.5,106.6
2021-01-03 07:40:00,0.2,3.8,148.1,25.1,79.4,941.7,91.5
2021-01-03 07:50:00,0.2,4.2,138.9,25,79.9,941.7,94
2021-01-03 08:00:00,0.2,3.4,149.3,24.9,81.2,941.7,101.6
2021-01-03 08:10:00,0.2,3.1,148.3,24.9,82.5,941.7,101.9
2021-01-03 08:20:00,0.2,2.5,146.9,24.7,84,941.7,86
2021-01-03 08:30:00,0.2,3.7,152,24.6,83.6,941.8,51.1
2021-01-03 08:40:00,0,0,0,0,0,0,0
2021-01-03 08:50:00,0.2,2.8,149.6,24.5,83.9,941.8,71.3
2021-01-03 09:00:00,0.2,2.9,151,24.4,82.7,941.8,80.6
2021-01-03 09:30:00,0.2,2.9,138,24.3,83,942.2,38.4
2021-01-03 09:40:00,0.2,1.5,138.3,24.2,83.9,942.1,51.4
2021-01-03 09:50:00,0.2,1.1,130.8,24.2,83.6,942.1,45
2021-01-03 10:20:00,0.2,1.9,113.8,23.7,85,942.2,29.2
2021-01-03 10:30:00,0.2,1.2,101.4,23.6,85.8,942.4,20.3
2021-01-03 10:40:00,0.2,0.5,53.7,23.6,86.7,942.5,14
2021-01-03 10:50:00,0.2,0.1,33.2,23.5,86.1,942.7,1.9
2021-01-03 11:00:00,0.2,0.9,87.1,23.5,85.7,942.9,0
2021-01-03 11:10:00,0.2,1,101.4,23.5,85.5,943.2,0
2021-01-03 11:20:00,0.2,1.4,119.8,23.3,87,943.4,0
2021-01-03 11:30:00,0.2,1.1,87.9,23,89.6,943.4,0
2021-01-03 11:40:00,0.2,0.1,349.1,23,90.4,943.4,0
2021-01-03 11:50:00,0.2,0.6,355.4,23.1,89.8,943.4,0
2021-01-03 12:00:00,0.2,0.7,28.4,23.1,89.9,943.5,0
2021-01-03 12:10:00,0.2,0.5,53,23,90.2,943.8,0
2021-01-03 12:20:00,0.2,0,0,22.9,90.4,943.9,0
2021-01-03 12:30:00,0.2,0.9,74.3,22.8,91.2,943.9,0
2021-01-03 12:40:00,0.2,1.4,101.3,22.8,90.6,944.1,0
2021-01-03 12:50:00,0.2,1.6,122.1,22.7,89.7,944.3,0
2021-01-03 13:00:00,0.2,1.6,116.3,22.5,92.2,944.4,0
2021-01-03 13:10:00,0.2,1.1,113.6,22.4,93.3,944.4,0
2021-01-03 13:20:00,0.2,0.6,101.2,22.4,93.8,944.4,0
2021-01-03 13:30:00,0.2,0.7,105,22.4,93.9,944.4,0
2021-01-03 13:40:00,0.2,0.5,122.3,22.3,94,944.2,0
2021-01-03 13:50:00,0.2,0.5,53.6,22.2,94.1,944.2,0
2021-01-03 14:00:00,0.2,1.1,128.9,22.2,94.6,944.1,0
2021-01-03 14:10:00,0.2,1.3,121.1,22.1,94.7,944,0
2021-01-03 14:20:00,0.2,1.2,122.5,22.2,94.7,943.9,0
2021-01-03 14:30:00,0.2,0.6,118.2,22.2,94.7,943.9,0
2021-01-03 14:40:00,0.2,1.1,86.8,22.2,94.5,943.9,0
2021-01-03 14:50:00,0.2,0.8,103.3,22.3,94.2,943.9,0
2021-01-03 15:00:00,0.2,0.7,69.9,22.4,93.7,943.8,0
2021-01-03 15:10:00,0.2,0.7,45.5,22.4,93.5,943.8,0
2021-01-03 15:20:00,0.2,0.8,61,22.4,93.4,944,0
2021-01-03 15:30:00,0.2,1,78,22.3,93,943.9,0
2021-01-03 15:40:00,0.2,0.3,49,22.3,92.9,943.9,0
2021-01-03 19:30:00,0.2,0,0,21.8,94.6,942.4,0
2021-01-03 19:40:00,0.2,0.8,5,21.8,94.4,942.3,0
2021-01-03 19:50:00,0.2,0.2,55.3,21.8,94.4,942.3,0
2021-01-03 20:00:00,0.2,0.5,46.5,21.8,94.8,942.3,0
2021-01-03 20:10:00,0.2,0.4,68.3,21.8,95.1,942.3,0
2021-01-03 20:20:00,0.2,0.5,41.8,21.7,95.4,942.3,0
2021-01-03 20:30:00,0.2,0.7,93.8,21.7,96.2,942.4,0
2021-01-03 20:40:00,0.2,0.8,80,21.6,96.6,942.5,0
2021-01-03 20:50:00,0.2,1.1,89.1,21.6,96.6,942.6,0
2021-01-03 21:00:00,0.2,1,97.2,21.6,96.5,942.8,0
2021-01-03 21:10:00,0.2,1,102.3,21.5,95.9,942.8,0
2021-01-03 21:20:00,0.2,0.4,58.7,21.5,95.1,942.9,0
2021-01-03 21:30:00,0.2,0.2,45.1,21.5,94.7,942.9,0
2021-01-03 21:40:00,0.2,0.5,48,21.6,94.4,943.2,0
2021-01-03 21:50:00,0.2,0.7,83.2,21.6,94,943.3,0
2021-01-03 22:00:00,0.2,0.2,79.4,21.5,94.2,943.6,0
2021-01-03 22:10:00,0.2,0,349.2,21.5,94.3,943.7,0
2021-01-03 22:20:00,0.2,0.1,22.1,21.5,94.8,943.7,0
2021-01-03 22:30:00,0.2,0.1,41.2,21.5,94.3,943.7,0
2021-01-03 22:40:00,0.2,0,356.4,21.5,94.7,943.7,0.1
2021-01-03 22:50:00,0.4,0,0,21.5,95.3,943.9,1.7
2021-01-03 23:00:00,0.4,0,0,21.4,95.6,943.9,9
2021-01-03 23:10:00,0.4,0,0,21.4,95.3,943.9,13.7
2021-01-03 23:20:00,0.4,0.4,343.5,21.5,95.7,943.9,18.7
2021-01-03 23:30:00,0.4,0.2,350.5,21.5,95.4,944,22.6
2021-01-03 23:40:00,0.4,0,0,21.6,95.4,944.2,27.8
2021-01-03 23:50:00,0.4,0,0,21.6,95.3,944.4,35.9
2021-01-04 00:00:00,0.4,0,0,21.7,94.9,944.4,41.8
2021-01-04 00:10:00,0,0.3,278.4,21.8,95.1,944.4,51.1
2021-01-04 00:20:00,0,0,351.9,21.9,95.3,944.4,58.4
2021-01-04 00:30:00,0,0.2,297,22.1,95,944.5,71.7
2021-01-04 00:40:00,0,0.3,279.9,22.2,93.9,944.7,87.8
2021-01-04 00:50:00,0,0.1,339.9,22.3,92.3,944.7,104.9
2021-01-04 01:00:00,0,0.3,340.2,22.5,91.1,944.7,115.5
2021-01-04 01:10:00,0,0.4,340.7,22.8,89.6,944.7,123.7
2021-01-04 01:20:00,0,0,0,0,0,0,0
2021-01-04 01:30:00,0.2,0,0,23,86.2,944.7,138.4
2021-01-04 07:00:00,0.2,1,124.3,26.3,74.7,941,182.4
2021-01-04 07:10:00,0.2,0.8,119.6,26.6,72.5,941,207.6
2021-01-04 07:20:00,0.2,0.8,124.4,26.6,73.1,941,126.8
2021-01-04 07:30:00,0.2,0.7,93.5,26.6,73.2,940.9,103
2021-01-04 07:40:00,0.2,0.2,26.7,26.5,73.5,940.9,78.1
2021-01-04 07:50:00,0.2,0.8,28.7,26.6,76.1,940.8,52.4
2021-01-04 08:00:00,4,2.2,83.9,26,79,940.9,42.4
2021-01-04 08:10:00,14.2,2.2,168.6,23.8,90.1,941,51.8
2021-01-04 08:20:00,22.8,1,287.6,23,95.5,941,37.1
2021-01-04 08:30:00,32,0.2,0.8,22.7,96.5,941,27.6
2021-01-04 08:40:00,41.8,0.9,216.8,22.6,95.8,941.2,26.5
2021-01-04 08:50:00,48.2,1.3,193,22.4,96.3,941.5,19
2021-01-04 09:00:00,49.6,0.7,247.4,22.3,96.9,941.2,18.6
2021-01-04 09:10:00,49.8,0,0,22.3,97.2,941.3,16.2
2021-01-04 09:20:00,50,0.2,343.1,22.3,97.1,941.6,9.3
2021-01-04 09:30:00,50,0.7,290.9,22.5,97.3,941.5,11
2021-01-04 09:40:00,50,1,270.8,22.3,97,941.7,8
2021-01-04 09:50:00,50.2,1,271.4,22.2,96.8,941.8,4.1
2021-01-04 10:00:00,50.6,0.1,337.9,22.1,96.6,941.8,0.8
2021-01-04 10:10:00,50.8,0,7.6,22.1,96.5,941.8,0.4
2021-01-04 10:20:00,51,0.1,343.8,22.2,96.8,942.2,0.1
2021-01-04 10:30:00,51,0,0,22.2,96.7,942.5,0
2021-01-04 10:40:00,51,1.1,117.3,22.2,96.2,942.6,0
2021-01-04 10:50:00,51,0.5,28.9,22.1,96.3,942.4,0
2021-01-04 11:00:00,51.2,0.6,91.1,22,95.5,942.4,0
2021-01-04 11:10:00,51.2,0.6,31.5,21.9,95.2,942.6,0
2021-01-04 11:20:00,51.2,0.1,0.1,21.8,95,942.7,0
2021-01-04 11:30:00,51.2,0,0,21.6,95.4,942.8,0
2021-01-04 11:40:00,51.4,0,0,21.7,95.9,943,0
2021-01-04 11:50:00,51.4,0,0,21.7,96.1,943.3,0
2021-01-04 12:00:00,52,0,0,21.7,96.2,943.3,0
2021-01-04 12:10:00,52.4,0.2,320.8,21.7,96.8,943.4,0
2021-01-04 12:20:00,52.8,0.3,292.1,21.7,97,943.6,0
2021-01-04 12:30:00,53,0.4,303.7,21.8,97.4,943.6,0
2021-01-04 12:40:00,53.2,0.7,303.6,21.8,97.3,943.5,0
2021-01-04 12:50:00,53.4,0.6,296.9,21.8,96.9,943.6,0
2021-01-04 13:00:00,53.8,0.2,320.4,21.7,96.7,943.7,0
2021-01-04 13:10:00,54.2,0.3,51.9,21.7,96.1,943.6,0
2021-01-04 13:20:00,54.2,0.1,52.5,21.8,96.4,943.7,0
2021-01-04 13:30:00,54.4,0.4,52.8,21.8,96.8,943.7,0
2021-01-04 13:40:00,54.4,0.9,100.2,21.8,97.2,943.8,0
2021-01-04 13:50:00,54.4,0.5,72.3,21.7,97.4,943.9,0
2021-01-04 14:00:00,54.6,0.5,54,21.6,97.3,943.9,0
2021-01-04 14:10:00,54.6,0,5.3,21.6,97.3,943.9,0
2021-01-04 14:40:00,54.6,0.7,342.6,21.7,97.7,943.6,0
2021-01-04 14:50:00,54.6,0.4,338.3,21.7,97.6,943.4,0
2021-01-04 15:00:00,54.8,0.9,341.4,21.6,97.5,943.3,0
2021-01-04 15:10:00,54.8,0.4,342.5,21.6,97.2,943.2,0
2021-01-04 15:20:00,54.8,0,0,21.6,97.2,943.3,0
2021-01-04 15:30:00,54.8,0,0,21.6,97.4,943.3,0
2021-01-04 15:40:00,54.8,0,0,21.6,97.5,943.1,0
2021-01-04 15:50:00,54.8,0,0,21.6,97.5,943.1,0
2021-01-04 16:00:00,54.8,0,0,21.6,97.7,943.2,0
2021-01-04 16:10:00,54.8,0,0,21.6,97.8,943.1,0
2021-01-04 16:20:00,54.8,0,0,21.5,97.9,942.8,0
2021-01-04 16:30:00,54.8,0,0,21.5,97.8,942.8,0
2021-01-04 16:40:00,54.8,0,0,21.5,97.9,942.8,0
2021-01-04 16:50:00,54.8,0.1,355.6,21.4,97.9,942.8,0
2021-01-04 17:00:00,54.8,0,0,21.4,97.9,942.8,0
2021-01-04 17:10:00,54.8,0,0,21.3,98,942.7,0
2021-01-04 17:20:00,54.8,0.4,292.4,21.3,98.1,942.5,0
2021-01-04 17:30:00,54.8,0.6,314.6,21.3,98.1,942.2,0
2021-01-04 17:40:00,54.8,0.3,350,21.3,98.2,942.3,0
2021-01-04 17:50:00,54.8,0.4,327.5,21.3,98.2,942.3,0
2021-01-04 18:00:00,54.8,0.5,330.3,21.3,98.2,942.2,0
2021-01-04 18:10:00,54.8,0.2,319.6,21.3,98.2,942.1,0
2021-01-04 18:20:00,54.8,0,0,21.2,98.1,942.1,0
2021-01-04 18:30:00,54.8,0.4,336.3,21.2,98.1,942,0
2021-01-04 18:40:00,54.8,1,308.5,21.1,98,941.9,0
2021-01-04 18:50:00,54.8,0.6,282,21,97.9,941.9,0
2021-01-04 19:00:00,54.8,0.4,303,21,97.9,942.1,0
2021-01-04 19:10:00,54.8,0.7,284,20.9,97.9,942,0
2021-01-04 19:20:00,54.8,0.8,296.9,20.9,97.9,941.9,0
2021-01-04 19:30:00,54.8,0.7,306.8,20.9,97.8,942,0
2021-01-04 19:40:00,54.8,0.6,303.2,20.8,97.7,941.9,0
2021-01-04 19:50:00,54.8,1,304.7,20.8,97.6,941.8,0
2021-01-04 20:00:00,54.8,0.8,299.3,20.8,97.5,941.8,0
2021-01-04 20:10:00,54.8,0.6,291.1,20.8,97.4,941.8,0
2021-01-04 20:20:00,54.8,0.8,296.3,20.8,97.4,941.8,0
2021-01-04 20:30:00,54.8,0.9,296.8,20.7,97.1,942,0
2021-01-04 20:40:00,54.8,1,301.5,20.7,96.6,942,0
2021-01-04 20:50:00,54.8,0.9,306.4,20.7,96.2,941.9,0
2021-01-04 21:00:00,54.8,0.8,297.7,20.7,95.9,941.9,0
2021-01-04 21:10:00,54.8,0.3,294.6,20.6,96.3,942.1,0
2021-01-04 21:20:00,54.8,1,277.8,20.6,96.7,942.2,0
2021-01-04 21:30:00,54.8,1.2,304.5,20.5,96.7,942.3,0
2021-01-04 21:40:00,54.8,0.9,328.6,20.6,95.4,942.2,0
2021-01-04 21:50:00,54.8,0.4,276.9,20.6,95.9,942.4,0
2021-01-04 22:00:00,54.8,0.8,271.1,20.5,96.4,942.6,0
2021-01-04 22:10:00,54.8,0.7,277.5,20.5,96.6,942.8,0
2021-01-04 22:20:00,54.8,0.7,289.2,20.5,96.6,942.9,0
2021-01-04 22:30:00,54.8,1,306.7,20.5,96.6,942.9,3.6
2021-01-04 22:40:00,54.8,0.9,299.6,20.6,96.2,942.9,16.6
2021-01-04 22:50:00,54.8,1.1,301.2,20.7,95.5,942.9,31.4
2021-01-04 23:00:00,54.8,1.2,310.3,21,94.4,942.9,48.7
2021-01-04 23:10:00,54.8,1,316.9,21.3,93.3,942.9,59.5
2021-01-04 23:20:00,54.8,0.5,352.1,21.4,93,943,73.1
2021-01-04 23:30:00,54.8,0.5,4.8,21.8,91.6,943.2,86
2021-01-05 00:00:00,54.8,0.3,336.6,22.6,91,943.4,133.2
2021-01-05 00:10:00,0,0.1,339,23.1,90.3,943.6,162.6
2021-01-05 00:20:00,0,0,0,23.6,85.6,943.7,199.3
2021-01-05 00:30:00,0,0,0,24,81.3,943.9,167.7
2021-01-05 00:40:00,0,0,0,24,82.8,944,124
2021-01-05 00:50:00,0,0.6,86.7,23.9,85.6,944,120.3
2021-01-05 01:00:00,0,1.2,94.5,23.8,84.9,944,139.5
2021-01-05 01:10:00,0,1.1,98.6,23.9,83.1,944.1,192.2
2021-01-05 01:40:00,0,0.6,331,24.7,77.2,943.9,215.7
2021-01-05 01:50:00,0,0.4,320.4,24.8,77.1,943.9,210.9
2021-01-05 02:00:00,0,0.8,170.1,24.6,79.4,943.8,253.3
2021-01-05 02:10:00,0,0.9,145.6,24.6,78.5,943.9,271.9
2021-01-05 02:20:00,0.2,0.9,130.9,24.8,79,943.8,316.3
2021-01-05 02:30:00,0.2,1.1,118.9,25.1,77.9,943.8,379.1
2021-01-05 02:40:00,0.2,1.3,119.8,25.2,77.3,943.9,456.8
2021-01-05 02:50:00,0.2,1.4,95.6,25.4,76.2,943.8,444.2
2021-01-05 03:00:00,0.2,1.3,109.4,25.8,76.2,943.8,508.1
2021-01-05 03:10:00,0.2,1.4,137,26,73.3,943.7,480.9
2021-01-05 03:20:00,0.2,1.2,141.3,25.8,74,943.7,507.1
2021-01-05 03:30:00,0.2,1.6,110.4,26.1,72.2,943.6,630.3
2021-01-05 03:40:00,0.2,1.9,131.5,26.2,73,943.5,780.3
2021-01-05 03:50:00,0.2,2.1,102.4,27.1,71,943.3,1059.9
2021-01-05 04:00:00,0.4,1.5,167.3,26.8,70,943.3,651.9
2021-01-05 04:10:00,0.4,1.9,160,26.7,72.1,943.2,363.4
2021-01-05 04:20:00,0.4,1.6,134.1,26.5,72,943,438.4
2021-01-05 04:30:00,0.4,1.5,92,26.7,69.9,942.9,397
2021-01-05 04:40:00,0.4,0.4,54.5,26.5,68.7,942.8,248.2
2021-01-05 04:50:00,0.4,1.1,132.6,26.6,69.9,942.6,245.6
2021-01-05 05:00:00,0.4,1.9,139.3,26,77.5,942.4,161.7
2021-01-05 05:10:00,0.4,2,158.8,25.5,81.2,942.2,118.5
2021-01-05 05:20:00,0.4,2.3,177.7,24.9,83.7,942.1,123.2
2021-01-05 05:30:00,0.4,2.6,195,24.6,85.8,941.9,166.7
2021-01-05 05:40:00,0.4,2.2,193.3,24.6,86.9,941.7,395
2021-01-05 05:50:00,0.4,1.9,192.6,24.6,84.7,941.8,413.3
2021-01-05 06:00:00,0.4,1.9,176.7,24.9,82.1,941.8,363.6
2021-01-05 06:10:00,0.4,1.4,181.2,25.1,81.5,941.6,397
2021-01-05 06:40:00,0.4,1.5,150,26,77.9,941.1,505.8
2021-01-05 06:50:00,0.4,1.7,151.3,25.6,79,941.1,208.3
2021-01-05 07:00:00,0.4,1.2,131.9,25.2,81.6,941,112
2021-01-05 07:10:00,0.4,0.9,166.5,25.2,82.2,940.7,140.6
2021-01-05 07:20:00,0.4,0.3,117.6,25.3,80.9,940.8,125
2021-01-05 07:30:00,0.4,0,324.7,25.2,82.2,940.9,98.6
2021-01-05 07:40:00,0.6,0.2,336.2,24.9,87,940.8,73
2021-01-05 07:50:00,0.6,0.8,338.8,24.5,89.8,941,41.5
2021-01-05 08:00:00,0.6,1,336.8,24.4,90.6,941,51.4
2021-01-05 08:10:00,0.6,1.5,339.1,24.4,89.5,941.1,23.5
2021-01-05 08:20:00,0.8,1.8,338,24.2,88.9,941.4,13.4
2021-01-05 08:30:00,0.8,1.2,340,24.1,88.5,941.5,15.1
2021-01-05 08:40:00,1.8,0.5,267.1,23.8,90.5,941.8,4
2021-01-05 08:50:00,2.4,1.2,200.1,23.3,92,942.2,0.1
2021-01-05 09:00:00,3.8,1.2,333.8,23,92.1,942.3,0.2
2021-01-05 09:10:00,4.8,1.8,101.4,22.7,94.1,942.2,0.2
2021-01-05 09:20:00,6,1.6,128.1,22.5,94.5,942.3,0
2021-01-05 09:30:00,6.6,0.9,104.1,22.3,96,942.3,0.1
2021-01-05 09:40:00,7.6,0.9,121.1,22.1,96.6,942.5,0
2021-01-05 09:50:00,8.6,0.9,104.1,21.9,96.8,942.7,0
2021-01-05 10:00:00,10,0.7,51,21.8,97.2,942.8,0.2
2021-01-05 10:10:00,10.8,0.4,47.8,21.9,97.4,942.8,0.1
2021-01-05 10:20:00,11.6,1,71,22,97.5,943.1,0
2021-01-05 10:30:00,12,0.8,33.7,22,97.4,943.3,0
2021-01-05 10:40:00,12.2,0.7,35,22,97.4,943.5,0
2021-01-05 10:50:00,12.8,0,5.3,22,97.3,943.8,0
2021-01-05 11:00:00,13.2,0,0,22,97.2,943.9,0
2021-01-05 11:10:00,13.4,0.1,300.3,22.1,97.3,944,0
2021-01-05 11:20:00,13.8,0.6,280.4,22,97.3,944.2,0
2021-01-05 11:30:00,13.8,0.2,193.3,22,97.3,944.2,0
2021-01-05 11:40:00,14,0.3,264.4,22,97.3,944.4,0
2021-01-05 11:50:00,14,0,331.6,22,97.3,944.4,0
2021-01-05 12:00:00,14,0,0,21.9,97.3,944.4,0
2021-01-05 12:10:00,14.2,0,0,21.9,97.4,944.4,0
2021-01-05 12:20:00,14.2,0,0,22,97.4,944.4,0
2021-01-05 12:30:00,14.2,0,0,21.8,97.2,944.3,0
2021-01-05 12:40:00,14.4,0,0,21.7,96.9,944.3,0
2021-01-05 12:50:00,14.4,0.4,354,21.7,97,944.4,0
2021-01-05 13:00:00,14.6,0,353.9,21.8,97.1,944.4,0
2021-01-05 13:10:00,14.6,0,0,21.7,97.1,944.4,0
2021-01-05 13:20:00,14.6,0.1,354.9,21.7,97.2,944.4,0
2021-01-05 13:30:00,14.6,0.9,353.3,21.8,97,944.4,0
2021-01-05 13:40:00,15,0.5,288,21.8,96.1,944.4,0
2021-01-05 13:50:00,15,1,255.5,21.7,95.8,944.4,0
2021-01-05 14:00:00,15,0.2,338.9,21.7,96.2,944.4,0
2021-01-05 14:10:00,15,0.9,257.3,21.6,96.1,944.4,0
2021-01-05 14:20:00,15,1.3,260.8,21.6,96.5,944.4,0
2021-01-05 14:30:00,15,1.1,279.6,21.5,96,944.2,0
2021-01-05 14:40:00,15,0.6,304.1,21.5,95.9,944,0
2021-01-05 14:50:00,15,0.5,295.7,21.4,95.8,944,0
2021-01-05 15:00:00,15,0.7,297,21.3,95.7,943.9,0
2021-01-05 15:10:00,15,0.6,300.1,21.2,95.5,943.9,0
2021-01-05 15:20:00,15,1.1,273,21.1,95.2,943.8,0
2021-01-05 15:30:00,15,1.2,268.9,21.1,95.3,943.8,0
2021-01-05 15:40:00,15,0.9,274.6,21.1,94.5,943.7,0
2021-01-05 16:10:00,15,0.8,284.6,21.1,93,943.3,0
2021-01-05 16:20:00,15,0.6,201,21.1,92.3,943.3,0
2021-01-05 16:30:00,15,0.6,225.2,21.1,93,943.3,0
2021-01-05 16:40:00,15,0.2,78.5,21,93.4,943.3,0
2021-01-05 16:50:00,15,0,0,20.8,93.6,943.2,0
2021-01-05 17:00:00,15,0.1,347.3,20.6,94.4,943.1,0
2021-01-05 17:10:00,15,1.1,301.5,20.6,94.4,943,0
2021-01-05 17:20:00,15,1.1,303.3,20.8,94.2,942.8,0
2021-01-05 17:30:00,15,0.3,293.8,20.8,94.6,942.8,0
2021-01-05 17:40:00,15,0,313.1,20.7,94.9,942.8,0
2021-01-05 17:50:00,15,0,342.6,20.7,95.5,942.9,0
2021-01-05 18:00:00,0,0,0,0,0,0,0
2021-01-05 18:10:00,15,0,0,20.6,95.2,942.8,0
2021-01-05 18:20:00,15,0,0,20.6,95.2,942.9,0
2021-01-05 18:30:00,15,0.3,288.3,20.7,95.4,942.7,0
2021-01-05 18:40:00,15,0.2,304.3,20.7,93.9,942.7,0
2021-01-05 18:50:00,15,0.2,298.2,21,92.4,942.6,0
2021-01-05 19:00:00,15,0.1,52.7,21,93.5,942.7,0
2021-01-05 19:10:00,15,0.4,66.4,21,93.3,942.6,0
2021-01-05 19:20:00,15,0,19.8,20.9,93.5,942.5,0
2021-01-05 19:30:00,15,0.6,152.9,20.7,94.3,942.6,0
2021-01-05 19:40:00,15,0.7,236,20.7,95.7,942.5,0
2021-01-05 19:50:00,15,0,329.6,20.5,96.4,942.5,0
2021-01-05 20:00:00,15,0.3,289,20.3,95.8,942.4,0
2021-01-05 20:10:00,15,0.4,303.3,20.2,95.6,942.5,0
2021-01-05 20:20:00,15,0.4,303.5,20.2,96,942.5,0
2021-01-05 20:30:00,15,0.8,283.4,20.2,96,942.5,0
2021-01-05 20:40:00,15,0.7,274.6,20.3,95.9,942.6,0
2021-01-05 20:50:00,15,0.8,298.2,20.4,95.6,942.4,0
2021-01-05 21:00:00,15,1,320.2,20.5,94.8,942.4,0
2021-01-05 21:10:00,15,1.1,321,20.6,95,942.5,0
2021-01-05 21:20:00,15,1.1,315.1,20.6,94.6,942.6,0
2021-01-05 21:30:00,15,0.9,324.2,20.7,93.8,942.6,0
2021-01-05 21:40:00,15,0.9,321.3,20.7,93.9,942.7,0
2021-01-05 21:50:00,15,1,314.5,20.7,93.4,942.8,0
2021-01-05 22:00:00,15,1.2,307,20.9,92.1,942.9,0
2021-01-05 22:10:00,15,1.2,299,21,90.2,942.9,0
2021-01-05 22:20:00,15,1,298,21.4,88.3,942.9,0
2021-01-05 22:30:00,15,1.1,305.5,21.5,87.8,942.9,2.4
2021-01-05 22:40:00,15,1.4,306.2,21.7,86.6,943,14.3
2021-01-05 22:50:00,15,1,298.9,21.7,87.6,943.1,25.9
2021-01-05 23:00:00,15,0.4,289.6,21.6,88.5,943.2,41.5
2021-01-05 23:10:00,15,0.3,277.2,21.7,88.1,943.3,50.8
2021-01-05 23:20:00,15,0,0,21.9,88.9,943.3,62.9
2021-01-05 23:30:00,15,0.1,310.9,22.1,89.4,943.4,74.3
2021-01-05 23:40:00,0,0,0,0,0,0,0
2021-01-05 23:50:00,15,0.3,318.8,22.7,84.7,943.6,105.8
2021-01-06 00:00:00,15,0.2,303.2,23,84.7,943.6,120.8
2021-01-06 00:10:00,0,0.3,331.3,23.5,82.7,943.7,134.1
2021-01-06 00:20:00,0,0.6,153.1,23.6,82.2,943.9,169.9
2021-01-06 00:30:00,0,1.1,129.4,24.1,80.6,944,367.3
2021-01-06 00:40:00,0,1.2,115.5,24.7,77.5,944,508.3
2021-01-06 00:50:00,0,1.2,122.4,25.1,74.7,944.1,552.1
2021-01-06 01:00:00,0,1.2,131.8,25,75,944.1,561.4
2021-01-06 01:10:00,0,0.7,137.6,25.4,70.3,944.2,616.9
2021-01-06 01:20:00,0,0.7,156.2,25.9,68.5,944.3,651
2021-01-06 01:30:00,0,1.3,109,26,71.7,944.3,676.1
2021-01-06 01:40:00,0,1.4,104.9,26.2,71.1,944.4,519.5
2021-01-06 01:50:00,0,1.7,109.6,26.2,71.2,944.3,527.4
2021-01-06 02:00:00,0,1.7,113.9,26.4,68.5,944.3,643.7
2021-01-06 02:10:00,0,1.7,105.2,26.8,67.9,944.3,656.3
2021-01-06 02:20:00,0.2,2,83.2,26.8,66.8,944.2,534.8
2021-01-06 02:30:00,0.2,1.5,82.7,26.8,66.5,944.1,658.7
2021-01-06 02:40:00,0.2,1.2,124.2,27.5,63.6,943.9,939.9
2021-01-06 02:50:00,0.2,1.6,96.8,27.6,64.5,943.8,709.7
2021-01-06 03:00:00,0.2,1.6,113.7,27.4,65.5,943.7,546
2021-01-06 03:10:00,0.2,0.9,99.4,27.5,63.4,943.5,624.5
2021-01-06 03:20:00,0.2,1.8,85.1,27.6,64.4,943.2,755
2021-01-06 03:30:00,0.2,1.2,60.9,28.1,63.2,943,636
2021-01-06 03:40:00,0.2,1.2,73.4,28.1,62.5,942.8,764.8
2021-01-06 03:50:00,0.2,1.3,44.9,28.8,62.2,942.5,918
2021-01-06 04:00:00,0.2,1.6,44.5,29.5,59.8,942.4,963
2021-01-06 04:10:00,0,0,0,0,0,0,0
2021-01-06 14:20:00,3.4,0.6,88.5,22.5,94.6,943.9,0
2021-01-06 14:30:00,3.4,1.1,97,22.5,95.6,943.9,0
2021-01-06 14:40:00,3.4,1.2,92.7,22.5,96.6,943.7,0
2021-01-06 14:50:00,3.4,1.1,92.6,22.4,97,943.7,0
2021-01-06 15:00:00,3.4,0.2,50,22.2,96.9,943.8,0
2021-01-06 15:10:00,3.4,0.6,152.4,22.2,96.5,943.9,0
2021-01-06 15:20:00,3.4,0,14.4,22.3,96.6,943.8,0
2021-01-06 15:30:00,3.4,0,6.1,22.3,96.7,943.6,0
2021-01-06 15:40:00,3.4,0.7,347.6,22.3,96.3,943.3,0
2021-01-06 15:50:00,3.4,0.4,96.4,22.3,95.6,943.3,0
2021-01-06 16:00:00,3.4,0,16.3,22.3,96.3,943.3,0
2021-01-06 16:10:00,3.4,0,0,22.2,96.7,943.3,0
2021-01-06 16:20:00,3.4,0,0,22,96.9,943.3,0
2021-01-06 16:30:00,3.8,0,0,22,97,943.3,0
2021-01-06 16:40:00,3.8,0,0,21.9,96.8,943.3,0
2021-01-06 16:50:00,3.8,0,0,21.9,96.9,943.2,0
2021-01-06 17:00:00,4,0,0,22,97.1,943.1,0
2021-01-06 17:10:00,4,0,0,22,97.2,943,0
2021-01-06 17:20:00,4,0,0,22,97.3,942.8,0
2021-01-06 17:30:00,4,0,0,21.9,97.3,942.7,0
2021-01-06 17:40:00,4.2,0,0,21.9,97.2,942.5,0
2021-01-06 17:50:00,4.2,0.3,335.5,21.8,97.2,942.2,0
2021-01-06 18:00:00,4.2,0.6,305.2,21.8,97.2,942.1,0
2021-01-06 18:10:00,4.2,0.4,299.8,21.7,97,942,0
2021-01-06 18:20:00,4.4,0.9,298.3,21.6,97,941.7,0
2021-01-06 18:30:00,4.4,0.4,322.8,21.6,96.9,941.5,0
2021-01-06 18:40:00,4.4,0,0,21.4,96.8,941.4,0
2021-01-06 18:50:00,4.4,0,0,21.4,96.8,941.3,0
2021-01-06 19:00:00,4.4,0,0,21.4,96.9,941.1,0
2021-01-06 19:10:00,4.4,0,0,21.3,97,941.1,0
2021-01-06 19:20:00,4.4,0,0,21.3,97.2,941.3,0
2021-01-06 19:30:00,4.4,0.2,335,21.2,97.2,941.5,0
2021-01-06 19:40:00,4.4,1,298.9,21.2,97.1,941.5,0
2021-01-06 19:50:00,4.4,1.2,299.6,21.3,96.7,941.5,0
2021-01-06 20:00:00,4.4,1.4,301,21.3,96.2,941.4,0
2021-01-06 20:10:00,4.4,0.5,294.1,21.3,96.2,941.6,0
2021-01-06 20:20:00,4.4,1.2,301.8,21.2,96,941.8,0
2021-01-06 20:30:00,4.4,1.7,303.9,21.3,94.7,941.8,0
2021-01-06 20:40:00,4.4,1.4,300.6,21.4,94,941.9,0
2021-01-06 20:50:00,4.4,0.8,272.8,21.2,94.4,941.8,0
2021-01-06 21:00:00,4.4,0.3,319,21,95.5,941.8,0
2021-01-06 21:10:00,4.4,0.6,274.7,20.9,95.8,941.8,0
2021-01-06 21:20:00,4.4,0.8,288.1,20.8,96.1,941.9,0
2021-01-06 21:30:00,4.4,1,289.4,20.8,94.7,941.9,0
2021-01-06 21:40:00,4.4,0.7,275.9,20.8,94.6,942.1,0
2021-01-06 21:50:00,4.4,0.8,294.3,20.7,95,942.2,0
2021-01-06 22:00:00,4.4,1.6,314.1,20.7,94.4,942.3,0
2021-01-06 22:10:00,4.4,1.3,307.6,20.8,93.3,942.6,0
2021-01-06 22:20:00,4.4,1.2,305.5,20.7,93.9,942.9,0
2021-01-06 22:30:00,4.4,1.1,311,20.7,93.4,942.9,4.8
2021-01-06 22:40:00,4.4,0.5,310.8,20.7,94,942.9,18.1
2021-01-06 22:50:00,4.4,0.1,339.6,20.6,94.9,943,33.9
2021-01-06 23:00:00,4.4,0.2,335.9,20.8,95,943.1,77.1
2021-01-06 23:10:00,4.4,0.5,292.4,21.3,93.6,943.3,96.1
2021-01-06 23:20:00,4.4,0.7,269.6,21.6,91.7,943.3,96.1
2021-01-06 23:30:00,4.4,0.7,300.3,21.9,91.5,943.3,100.5
2021-01-06 23:40:00,4.4,0.4,296.5,22.3,90.4,943.6,121.4
2021-01-06 23:50:00,4.4,0.5,276.8,22.8,88,943.7,154.6
2021-01-07 00:00:00,4.4,0.6,274.6,23.3,85,943.8,177.1
2021-01-07 00:10:00,0,0.6,273.6,23.5,83.4,943.9,183.6
2021-01-07 00:20:00,0,0.6,17.1,23.6,82.1,943.9,206.4
2021-01-07 00:30:00,0,0.1,16.2,23.9,81.1,944,243.9
2021-01-07 00:40:00,0,0.6,122.7,23.9,81.4,943.9,285.9
2021-01-07 00:50:00,0,1.3,183,23.9,82.4,943.9,253.8
2021-01-07 01:00:00,0,1.9,173.7,23.9,82.2,944.1,287.1
2021-01-07 01:10:00,0,0.9,183,24.5,79.6,944.1,451.5
2021-01-07 01:20:00,0,2.1,166.5,24.7,81.2,943.9,266.1
2021-01-07 01:50:00,0,1.8,158.5,25.1,81.1,943.9,571.6
2021-01-07 02:00:00,0,2.1,154.2,25.3,79.1,943.9,533.4
2021-01-07 02:10:00,0,1.7,157.1,25.6,77,943.7,597.6
2021-01-07 02:20:00,0,2,126.3,25.8,75.8,943.5,571.8
2021-01-07 02:30:00,0,1.5,132.5,26.3,73.2,943.5,704.9
2021-01-07 02:40:00,0,1.1,122.4,26.3,74.4,943.3,532.7
2021-01-07 02:50:00,0,2.4,136.4,26.1,75.2,943.3,537
2021-01-07 03:00:00,0,2.9,126,25.8,74.4,943.3,585.6
2021-01-07 03:10:00,0,2.6,130.5,25.7,75.6,943.2,479
2021-01-07 03:20:00,0,2.7,136.4,25.6,77.3,943,436.4
2021-01-07 03:30:00,0,2.6,153.8,25.4,78.5,942.9,469.1
2021-01-07 03:40:00,0,2.3,154.3,25.6,77.5,942.8,565.7
2021-01-07 03:50:00,0,1.7,163.8,25.4,78.5,942.8,405.5
2021-01-07 04:00:00,0,1.3,167.3,25.7,77.4,942.7,462.6
2021-01-07 04:10:00,0,1.9,126,26.2,74.2,942.5,487.7
2021-01-07 04:20:00,0,1.4,184,26.3,74,942.2,570.7
2021-01-07 04:30:00,0,1.7,115.4,26.8,72.8,942.2,761.4
2021-01-07 04:40:00,0,0.9,193,27,71.5,942.1,682.2
2021-01-07 04:50:00,0,1.4,132.1,26.9,72.7,941.8,484.8
2021-01-07 05:00:00,0,1.6,186.3,27.2,70.3,941.7,793.8
2021-01-07 05:10:00,0,1.7,141.8,27.7,69.1,941.5,1123.1
2021-01-07 05:20:00,0.2,1.8,137.8,28.1,67.9,941.3,1003.5
2021-01-07 05:30:00,0.2,2,145.6,27.8,68.2,941.2,852.7
2021-01-07 05:40:00,0.2,1.7,182.1,28.2,69.1,941.1,915.5
2021-01-07 05:50:00,0.2,2.6,146.3,27.3,72.4,940.9,197.4
2021-01-07 06:00:00,0.2,2,142.5,26.6,74.3,940.7,167.7
2021-01-07 06:10:00,0.2,1.8,187.1,27,73,940.7,300
2021-01-07 06:20:00,0.2,1.6,255.1,26.6,74.2,940.5,382.4
2021-01-07 06:30:00,0.2,1.8,273.8,26.5,73.7,940.5,278.3
2021-01-07 06:40:00,0.2,2.3,272.1,25.6,76.3,940.2,137.6
2021-01-07 06:50:00,0.2,2.3,279.9,24.1,86.7,940,106
2021-01-07 07:00:00,0.2,1.6,289.4,23.8,89.2,940,120.3
2021-01-07 07:10:00,0.2,2.1,292.9,24.2,87.1,940,103
2021-01-07 07:20:00,1,1.8,305.2,24.1,86.3,939.9,39.5
2021-01-07 07:30:00,1.8,1.2,313.4,23.5,90.4,939.8,20.8
2021-01-07 07:40:00,1.8,1.6,317.7,23.2,90.2,939.7,29
2021-01-07 07:50:00,3.4,0.7,321.3,22.8,91.3,939.9,24.5
2021-01-07 08:00:00,3.4,1.3,131,22.7,90.8,940,30.1
2021-01-07 08:10:00,3.4,0.9,133.3,22.9,89,940.1,18.8
2021-01-07 08:20:00,3.4,0.5,307.5,23,92.6,940.5,18.1
2021-01-07 08:30:00,3.4,0.7,9.5,22.9,94.3,940.7,18.4
2021-01-07 08:40:00,3.4,0.7,359.7,23.1,92.8,940.7,25.9
2021-01-07 08:50:00,3.6,0.6,9.6,23.1,92.2,940.9,25.7
2021-01-07 09:00:00,3.6,0.6,33.1,23,92.2,941.1,27.8
2021-01-07 09:10:00,3.6,0,356.6,22.9,93.7,941.1,27.8
2021-01-07 09:20:00,3.6,0.3,294.6,22.8,94.7,941.1,26.2
2021-01-07 09:30:00,3.6,0.2,294.2,22.8,95.1,941.2,18.8
2021-01-07 09:40:00,3.6,0.1,327.9,22.8,94.4,941.2,18.3
2021-01-07 09:50:00,3.8,0,338.4,22.8,93.9,941.3,18.2
2021-01-07 10:00:00,4,0,0,23,93.3,941.4,18.2
2021-01-07 10:10:00,4,0,0,23,93.6,941.5,9.5
2021-01-07 10:20:00,4.8,0,0,23,94.6,941.7,1.9
2021-01-07 10:30:00,5,0,0,23,95.4,941.8,0.2
2021-01-07 10:40:00,5.6,0.1,7.4,23,95.5,942.1,0.3
2021-01-07 10:50:00,5.6,0.1,8.4,22.9,94.3,942.2,0.1
2021-01-07 11:00:00,5.6,0.2,33.4,22.9,93.5,942.3,0
2021-01-07 11:10:00,5.6,1.3,109.4,22.9,93.9,942.3,0
2021-01-07 11:20:00,5.6,1.1,90.1,22.9,92.4,942.4,0
2021-01-07 11:30:00,5.6,0.5,94.8,22.9,92.3,942.6,0
2021-01-07 11:40:00,5.6,0.3,20.4,22.8,93.4,942.6,0
2021-01-07 11:50:00,5.6,0.2,18.9,22.7,94.2,942.7,0
2021-01-07 12:00:00,5.6,0,0,22.7,94.5,942.8,0
2021-01-07 12:10:00,5.6,0,0,22.6,95.6,942.9,0
2021-01-07 12:20:00,5.6,0,0,22.6,96.1,943.1,0
2021-01-07 12:30:00,5.6,0,0,22.5,96.3,943.3,0
2021-01-07 12:40:00,5.6,0,0,22.5,96.2,943.3,0
2021-01-07 12:50:00,5.8,0,0,22.4,96.2,943.3,0
2021-01-07 13:00:00,5.8,0,0,22.4,96.3,943.5,0
2021-01-07 13:10:00,5.8,0,0,22.5,96.5,943.6,0
2021-01-07 13:20:00,5.8,0,0,22.5,96.7,943.6,0
2021-01-07 13:30:00,5.8,0,0,22.5,96.8,943.6,0
2021-01-07 13:40:00,5.8,0,0,22.4,96.8,943.5,0
2021-01-07 13:50:00,5.8,0,0,22.4,96.8,943.6,0
2021-01-07 14:00:00,5.8,0,0,22.3,96.8,943.6,0
2021-01-07 14:10:00,5.8,0,0,22.3,96.9,943.6,0
2021-01-07 14:20:00,5.8,0,0,22.3,96.9,943.6,0
2021-01-07 14:30:00,5.8,0,0,22.3,97,943.6,0
2021-01-07 14:40:00,5.8,0,0,22.3,97.1,943.6,0
2021-01-07 14:50:00,5.8,0,0,22.3,97.2,943.7,0
2021-01-07 15:00:00,5.8,0.3,351.2,22.3,97.1,943.8,0
2021-01-07 15:10:00,5.8,0.6,347.9,22.1,95.9,943.9,0
2021-01-07 15:20:00,5.8,0,0,22.1,96.1,943.9,0
2021-01-07 15:30:00,5.8,0.5,294.4,22,96,943.8,0
2021-01-07 15:40:00,5.8,0.6,296.9,21.9,95.6,943.7,0
2021-01-07 15:50:00,5.8,0.1,327.5,21.9,95.2,943.7,0
2021-01-07 16:00:00,5.8,0.5,300.2,21.9,95.6,943.6,0
2021-01-07 16:10:00,5.8,1,293.7,21.9,94.6,943.3,0
2021-01-07 16:20:00,5.8,0.9,290.8,22,93.5,943.3,0
2021-01-07 16:30:00,5.8,0.5,284.2,22,93.8,943.1,0
2021-01-07 16:40:00,5.8,0.4,298.7,21.9,93.7,942.8,0
2021-01-07 16:50:00,5.8,0.8,294.7,21.9,93.1,942.7,0
2021-01-07 17:00:00,5.8,0.4,311.9,22,92.5,942.4,0
2021-01-07 17:10:00,5.8,0.6,11.2,22,93,942.3,0
2021-01-07 17:20:00,5.8,0.6,18.3,22,93.6,942.3,0
2021-01-07 17:30:00,5.8,0.4,37.8,22,94.1,942.3,0
2021-01-07 17:40:00,6,0,0,22,95.3,942.3,0
2021-01-07 17:50:00,6.2,0,0,21.9,95.7,942.3,0
2021-01-07 18:00:00,6.8,0,0,21.9,96.7,942.3,0
2021-01-07 18:10:00,6.8,0,0,21.8,97.2,942.1,0
2021-01-07 18:20:00,7,0.2,326.3,21.7,97.4,942.1,0
2021-01-07 18:30:00,7,0.5,273.8,21.7,97.4,942.1,0
2021-01-07 18:40:00,7.2,0.2,274.6,21.7,97.5,942.1,0
2021-01-07 18:50:00,7.2,0,342.6,21.7,97.6,942.1,0
2021-01-07 19:00:00,7.4,0,0,21.7,97.6,942.1,0
2021-01-07 19:10:00,7.4,0,0,21.6,97.6,942.1,0
2021-01-07 19:20:00,7.6,0.2,322.8,21.6,97.7,942,0
2021-01-07 19:30:00,8,0.3,301.8,21.6,97.6,942,0
2021-01-07 19:40:00,8,0.3,315.1,21.5,97.6,941.9,0
2021-01-07 19:50:00,8,0.5,304,21.5,97.5,941.8,0
2021-01-07 20:00:00,8.2,0.4,310.5,21.4,97.4,941.7,0
2021-01-07 20:10:00,8.4,0.5,305.2,21.4,97.3,941.7,0
2021-01-07 20:20:00,8.4,0.6,290.1,21.3,97,941.6,0
2021-01-07 20:30:00,8.4,0.7,284.3,21.3,96.9,941.4,0
2021-01-07 20:40:00,8.4,0.6,290.7,21.3,96.9,941.4,0
2021-01-07 20:50:00,8.4,0.4,316,21.3,96.6,941.5,0
2021-01-07 21:00:00,8.4,0.6,241.4,21.3,96,941.6,0
2021-01-07 21:10:00,8.4,0.4,102.4,21.5,95.8,941.8,0
2021-01-07 21:20:00,8.6,0.6,281.4,21.4,96.5,941.8,0
2021-01-07 21:30:00,8.6,0.4,244.8,21.4,96.6,941.8,0
2021-01-07 21:40:00,8.6,0.5,303.8,21.3,96.8,942,0
2021-01-07 21:50:00,8.6,0.5,349.5,21.3,96.9,942.1,0
2021-01-07 22:00:00,8.6,0.2,2.4,21.4,95.7,942.1,0
2021-01-07 22:10:00,8.6,0.1,352.4,21.5,94.9,942.2,0
2021-01-07 22:20:00,8.6,0.6,315.1,21.4,94.3,942.3,0
2021-01-07 22:30:00,8.6,0.3,332.1,21.4,94.8,942.5,0
2021-01-07 22:40:00,8.6,0.2,335.5,21.3,95.9,942.5,5.8
2021-01-07 22:50:00,8.6,0,348,21.2,96.2,942.7,17.7
2021-01-07 23:00:00,8.6,0,0,21.3,96.1,942.8,29
2021-01-07 23:10:00,8.6,0,0,21.4,96.4,943.1,41.1
2021-01-07 23:20:00,8.6,0.2,318.1,21.5,96.4,943.3,57.4
2021-01-07 23:30:00,8.6,0.6,288.7,21.6,96.1,943.5,76.1
2021-01-07 23:40:00,8.6,0.1,331.3,21.8,94.7,943.7,90.3
2021-01-07 23:50:00,8.6,0,0,22.2,92.9,943.8,106.2
2021-01-08 00:00:00,8.6,0.2,342.8,22.5,91.8,943.9,111.3
2021-01-08 00:10:00,0,0.7,298,22.8,90.7,944.1,111.4
2021-01-08 00:20:00,0,0.7,294.5,23,89.9,944.1,111.4
2021-01-08 00:30:00,0,0.6,297,23.2,88.3,944.3,118
2021-01-08 00:40:00,0,0.8,286.6,23.4,87,944.4,129.1
2021-01-08 00:50:00,0,0.5,301.3,23.7,86.4,944.4,158.4
2021-01-08 01:00:00,0,0.7,62.1,24,85.7,944.6,162.8
2021-01-08 01:10:00,0,1.9,173,23.9,84.2,944.7,161.7
2021-01-08 01:20:00,0,0.9,204.8,23.9,84.1,944.6,213.8
2021-01-08 01:30:00,0,1.3,205.4,24.2,84.2,944.6,244
2021-01-08 01:40:00,0,1.5,172.7,24.2,83.5,944.6,263.5
2021-01-08 01:50:00,0,1.6,166.2,24.4,83.7,944.5,390.3
2021-01-08 02:00:00,0,1.9,195.8,25,80.6,944.4,510.4
2021-01-08 02:10:00,0,2.6,186.4,25,79.8,944.3,427.6
2021-01-08 02:20:00,0,1.9,185.2,25.3,79.3,944.2,423
2021-01-08 02:30:00,0,2,167.2,25.5,78.4,944.2,514.3
2021-01-08 02:40:00,0,2.2,162.7,25.8,77.2,944,535.4
2021-01-08 02:50:00,0,2.2,181.1,26,75.3,943.9,703.3
2021-01-08 03:00:00,0,2.1,164.1,26.4,74.2,943.7,806.2
2021-01-08 03:10:00,0,2.3,170.2,26.9,72.3,943.6,863.7
2021-01-08 03:20:00,0,2.6,160.2,27.2,70,943.3,841.8
2021-01-08 03:30:00,0,2.4,155.9,27.4,71,943.1,902.7
2021-01-08 03:40:00,0,1.6,171.6,27.7,69.5,942.9,819.2
2021-01-08 03:50:00,0,1.9,187.9,27.5,68,942.8,692.5
2021-01-08 04:00:00,0,1.7,210,27.8,67.7,942.7,684.1
2021-01-08 04:10:00,0.2,1.1,143,28.4,65.3,942.5,608.4
2021-01-08 04:20:00,0.2,2,162,28.5,65,942.4,1231.4
2021-01-08 04:30:00,0.2,2,172.2,28.6,64.9,942.2,840.8
2021-01-08 04:40:00,0.2,2.3,148,28.3,67,942.2,587.5
2021-01-08 04:50:00,0.2,3,156.9,28.2,67.2,942.1,830.3
2021-01-08 05:00:00,0.2,3.2,171.8,28.7,66.2,942,1184.4
2021-01-08 05:10:00,0.2,3.5,157.5,28.3,68.1,942,923.3
2021-01-08 05:20:00,0.2,2.4,170.8,28.5,66.3,941.8,935.4
2021-01-08 05:30:00,0.2,3.3,152,28.7,66.1,941.7,1066.8
2021-01-08 05:40:00,0.2,2.8,159,28.9,65.7,941.7,1051.8
2021-01-08 05:50:00,0.2,2.6,151.9,28.8,66.4,941.5,797.5
2021-01-08 06:00:00,0.2,3.1,148.3,28.3,68.2,941.5,505.6
2021-01-08 06:10:00,0.2,2.9,150,27.8,71.3,941.5,435.9
2021-01-08 06:20:00,0.2,3.1,145.6,27.9,70.1,941.4,479.7
2021-01-08 06:30:00,0.2,3.2,154,27.8,69.6,941.3,569.4
2021-01-08 07:00:00,0.2,3.4,154.8,28.3,64.4,941,637.9
2021-01-08 07:10:00,0.2,2.8,164.2,28.2,66.7,941,572.9
2021-01-08 07:20:00,0.2,2.5,177.7,28,65.6,940.9,447.5
2021-01-08 07:30:00,0.2,3.3,153.2,27.5,71.1,940.9,277.2
2021-01-08 07:40:00,0.2,4.2,127.8,25.6,82.4,940.9,186.3
2021-01-08 07:50:00,1.4,2.5,131.3,24.1,84.1,941.1,158.7
2021-01-08 08:00:00,3,1.2,142.4,23.7,89.6,940.9,147.7
2021-01-08 08:10:00,3.4,1.3,198.3,24.3,89.6,940.7,182.6
2021-01-08 08:20:00,3.4,0.7,38.7,25,85.8,940.9,235.5
2021-01-08 08:30:00,3.4,1.1,65.3,25.9,83.1,941,431.2
2021-01-08 08:40:00,3.4,2,149.4,26.6,78.8,941.1,403.9
2021-01-08 08:50:00,3.4,2.1,153.1,26.2,79.9,941.1,205.7
2021-01-08 09:00:00,3.4,2.5,148.4,26,79,941.1,205
2021-01-08 09:10:00,3.4,2.2,159.3,26.3,74.3,941.1,311.5
2021-01-08 09:20:00,3.4,2.4,154.6,26.3,72.9,941.3,207.7
2021-01-08 09:30:00,3.4,1.6,176.2,26,73.2,941.5,200.3
2021-01-08 09:40:00,3.4,1.8,192,26.1,73.1,941.7,139.9
2021-01-08 09:50:00,3.4,1.2,193.2,25.9,74.4,941.8,104.1
2021-01-08 10:00:00,3.4,1.1,198,25.9,74.6,942,87
2021-01-08 10:10:00,3.4,0.6,195.3,25.9,75.3,942,67.3
2021-01-08 10:20:00,3.4,1,174.7,25.8,75,942.1,49
2021-01-08 10:30:00,3.4,1.5,150.4,25.6,73.1,942.1,34.5
2021-01-08 10:40:00,3.4,1.7,140.2,25.3,76.4,942,19.4
2021-01-08 10:50:00,3.4,1.5,157.1,24.9,81.5,942.1,5.3
2021-01-08 11:00:00,3.4,1,197.4,24.8,82.3,942.2,0
2021-01-08 11:10:00,3.4,1,222.7,24.6,83,942.3,0
2021-01-08 11:20:00,3.4,1,230.5,24.4,82.5,942.5,0
2021-01-08 11:30:00,3.4,1.2,224.1,24.4,79.4,942.8,0
2021-01-08 11:40:00,3.4,0.4,252.8,24.2,81,942.8,0
2021-01-08 11:50:00,3.4,0.5,257.7,24,80.9,943,0
2021-01-08 12:00:00,3.4,0.9,250.3,24,80.3,943.2,0
2021-01-08 12:10:00,3.4,0.7,231.8,24,79.9,943.3,0
2021-01-08 12:20:00,3.4,0.9,232.4,24.1,79.7,943.5,0
2021-01-08 12:30:00,3.4,0.7,240.4,24.2,79.9,943.8,0
2021-01-08 12:40:00,3.4,0.9,215.8,24,80,943.9,0
2021-01-08 12:50:00,3.4,0.8,214.2,24.1,79.6,944,0
2021-01-08 13:00:00,3.4,1.1,223.1,24.1,80.1,944.2,0
2021-01-08 13:10:00,3.4,1,239.2,24,80.8,944.4,0
2021-01-08 13:20:00,3.4,0.6,241.3,23.9,81.9,944.4,0
2021-01-08 13:30:00,3.4,0.8,255.4,23.8,82.7,944.5,0
2021-01-08 13:40:00,3.4,0.7,266.8,23.8,82.4,944.6,0
2021-01-08 13:50:00,3.4,0.7,276.9,23.8,82.7,944.7,0
2021-01-08 14:00:00,3.4,0.5,286.2,23.8,82.6,944.7,0
2021-01-08 14:10:00,3.4,0.7,280.8,23.8,82.8,944.7,0
2021-01-08 14:20:00,3.4,0.5,284.5,23.8,83.2,944.7,0
2021-01-08 14:30:00,3.4,0.4,297.6,23.8,83.6,944.7,0
2021-01-08 14:40:00,3.4,0.8,234.7,23.7,84.4,944.6,0
2021-01-08 14:50:00,3.4,0.5,231.6,23.7,85.3,944.4,0
2021-01-08 15:00:00,3.4,0.8,254.9,23.6,86.2,944.2,0
2021-01-08 15:10:00,3.4,0.7,279.6,23.5,86.2,944,0
2021-01-08 15:20:00,3.4,0.4,281.7,23.4,86.4,943.9,0
2021-01-08 15:30:00,3.4,0.4,297.1,23.4,85.8,943.9,0
2021-01-08 15:40:00,3.4,0.2,335.7,23.4,85.4,943.8,0
2021-01-08 15:50:00,3.4,0.2,316.9,23.3,86,943.6,0
2021-01-08 16:00:00,3.4,0.2,326.9,23.2,86.4,943.6,0
2021-01-08 16:10:00,3.4,0,0,23.3,86.4,943.6,0
2021-01-08 16:20:00,3.4,0,0,23.4,86.3,943.4,0
2021-01-08 16:50:00,3.4,0.5,237.8,23.5,86.3,943.3,0
2021-01-08 17:00:00,3.4,0.6,290.7,23.4,86.5,943.2,0
2021-01-08 17:10:00,3.4,0.6,291.2,23.3,87,942.9,0
2021-01-08 17:20:00,3.4,0.6,290.3,23.4,86.8,942.7,0
2021-01-08 17:30:00,3.4,0.4,278.2,23.4,86.2,942.5,0
2021-01-08 17:40:00,3.4,0,0,23.4,86,942.3,0
2021-01-08 17:50:00,3.4,0.4,242.9,23.4,86.5,942.3,0
2021-01-08 18:00:00,3.4,0.6,218.5,23.4,86.8,942.3,0
2021-01-08 18:10:00,3.4,0.3,251.7,23.4,87.4,942.2,0
2021-01-08 18:20:00,3.4,0.6,229.3,23.3,88.2,942.1,0
2021-01-08 18:30:00,4,2.4,164.5,23.1,89.6,942.2,0
2021-01-08 18:40:00,6,4.5,162,21.8,94.1,942.3,0
2021-01-08 18:50:00,6.8,2.6,173.7,21.4,95.7,942.3,0
2021-01-08 19:00:00,7,2.1,181.1,21.4,94.3,942.3,0
2021-01-08 19:10:00,7,2,173.2,21.4,93.8,942.2,0
2021-01-08 19:20:00,7,1.8,143.9,21.3,94.4,942.1,0
2021-01-08 19:30:00,7,2,124.2,21.2,95.3,942.1,0
2021-01-08 20:00:00,7.4,1,109.5,21.2,96.4,942.2,0
2021-01-08 20:10:00,7.4,0.3,16.7,21.2,96.6,942,0
2021-01-08 20:20:00,7.8,0.6,310.2,21.2,96.3,941.9,0
2021-01-08 20:30:00,7.8,1.1,342.4,21.3,95.7,941.9,0
2021-01-08 20:40:00,7.8,1.2,2.5,21.4,94.7,942,0
2021-01-08 20:50:00,7.8,1,356.5,21.5,94,942,0
2021-01-08 21:00:00,7.8,0.2,346.5,21.5,92.9,942,0
2021-01-08 21:10:00,7.8,0.4,117.8,21.5,93.7,942,0
2021-01-08 21:20:00,7.8,0,0.2,21.3,94.9,942,0
2021-01-08 21:30:00,7.8,0.5,74.3,21.3,93.7,942.2,0
2021-01-08 21:40:00,7.8,0,0,21.4,93.6,942.1,0
2021-01-08 21:50:00,7.8,0,0,21.2,95.4,942.1,0
2021-01-08 22:00:00,7.8,0,0,21.1,95.8,942.3,0
2021-01-08 22:10:00,7.8,0.1,33.5,21,95.6,942.5,0
2021-01-08 22:20:00,7.8,0.6,166.9,21.1,94.4,942.7,0
2021-01-08 22:30:00,7.8,0,16.1,21.2,94.8,942.8,0.3
2021-01-08 22:40:00,7.8,0,0,21.1,95.6,942.9,8.2
2021-01-08 22:50:00,7.8,0.3,14.5,21.2,95.7,943.1,15.7
2021-01-08 23:00:00,7.8,0.1,354.8,21.3,95.7,943.2,23.5
2021-01-08 23:10:00,7.8,0,0,21.4,95.2,943.3,29.8
2021-01-08 23:20:00,7.8,0.3,311.1,21.6,94.9,943.4,52.2
2021-01-08 23:30:00,7.8,0.7,270.2,21.7,93.4,943.6,78.6
2021-01-08 23:40:00,7.8,0.9,261.4,22,91.6,943.5,114.5
2021-01-08 23:50:00,7.8,0.8,291.2,22.6,88.5,943.7,205.8
2021-01-09 00:00:00,7.8,0.1,330.7,23.3,85.8,943.9,255.5
2021-01-09 00:10:00,0,0.1,308.2,23.7,81.7,943.9,198.3
2021-01-09 00:20:00,0,0.2,19.2,23.8,82.1,943.9,171.9
2021-01-09 00:30:00,0,0.5,47,23.9,81.6,944.1,203.7
2021-01-09 00:40:00,0,0.7,192.9,24,81.7,944.1,226.1
2021-01-09 00:50:00,0,0.9,113.9,24.1,83.3,944.1,216.7
2021-01-09 01:00:00,0,0.9,135.1,24.1,83.1,944.2,240.2
2021-01-09 01:10:00,0,1.1,129.6,24.3,83.5,944.2,277
2021-01-09 01:40:00,0,1.4,134.3,25.4,80.4,944.1,712.2
2021-01-09 01:50:00,0,1.8,156.8,25.7,78.9,943.9,611.5
2021-01-09 02:00:00,0,1.8,146.6,25.3,80.2,943.9,248.3
2021-01-09 02:10:00,0,2,150.2,25.1,82,943.9,172.7
2021-01-09 02:20:00,0,2.6,155.2,24.8,82.9,943.9,141.7
2021-01-09 02:30:00,0,2.5,134.7,24.5,85.3,943.8,195.3
2021-01-09 02:40:00,0.2,2.4,146.8,24.1,88.1,943.8,177.6
2021-01-09 02:50:00,0.2,2.3,177.1,24.3,88.1,943.7,648.1
2021-01-09 03:00:00,0.4,1.8,170,24.2,88.1,943.6,534.8
2021-01-09 03:10:00,0.4,2.5,147.3,24.7,86.5,943.4,630.2
2021-01-09 03:20:00,0.4,2.2,146.3,25.2,83.7,943.3,628.9
2021-01-09 03:30:00,0.4,2.4,162.5,25.9,80.9,943.2,800
2021-01-09 03:40:00,0.4,2.2,179.3,26,79.3,943.1,919.7
2021-01-09 03:50:00,0.4,2.2,163.8,27.1,76,943,1038.3
2021-01-09 04:00:00,0.4,2.8,166.4,27.5,71.4,942.8,1018.6
2021-01-09 04:10:00,0.4,3.1,171,27.7,70.5,942.8,1110.7
2021-01-09 09:50:00,0.6,2.2,126.3,23.8,90.3,940.6,48.8
2021-01-09 10:00:00,0.6,1.8,128.1,23.9,89.6,940.6,58.9
2021-01-09 10:10:00,0.6,1.6,139.4,23.8,89.8,940.8,49.6
2021-01-09 10:20:00,0.6,1.2,121.5,23.6,91.2,941.1,33.4
2021-01-09 10:50:00,0.6,0.5,84,23.4,92.3,941.4,0.2
2021-01-09 11:00:00,0.6,0.5,79.8,23.4,91,941.4,0
2021-01-09 11:30:00,0.6,0,20.1,23.5,92.4,941.9,0
2021-01-09 11:40:00,0.6,0.2,34.5,23.4,92.3,942,0
2021-01-09 11:50:00,0.6,0,0,23.4,91.9,942.2,0
2021-01-09 12:00:00,0.6,0.7,337.4,23.4,91.6,942.3,0
2021-01-09 12:10:00,0.6,1.2,47.1,23.4,88.9,942.4,0
2021-01-09 12:20:00,0.8,0.6,110.9,23.5,87.3,942.7,0
2021-01-09 12:30:00,0.8,0,0,23.3,90.9,942.9,0
2021-01-09 12:40:00,0.8,0.2,33.5,23.1,93.1,942.9,0
2021-01-09 12:50:00,0.8,1,55,23,92.7,943.2,0
2021-01-09 13:00:00,0.8,0.8,60,23.1,92.5,943.3,0
2021-01-09 13:10:00,0.8,0.5,55,23,92.9,943.3,0
2021-01-09 13:20:00,0.8,1,64.5,22.9,93.1,943.3,0
2021-01-09 13:30:00,0.8,0.2,25.7,22.8,93.9,943.3,0
2021-01-09 13:40:00,0.8,0,0,22.9,93.9,943.5,0
2021-01-09 13:50:00,0.8,0,0,22.9,94.4,943.8,0
2021-01-09 14:00:00,0.8,0,0,23,94.6,943.9,0
2021-01-09 14:10:00,0.8,0,0,22.9,94.7,943.7,0
2021-01-09 14:20:00,0.8,0,0,22.8,95.1,943.7,0
2021-01-09 14:30:00,0.8,0,0,22.8,95.4,943.6,0
2021-01-09 14:40:00,0.8,0.4,325.6,22.7,95.7,943.6,0
2021-01-09 14:50:00,0.8,0.5,356.2,22.7,94.9,943.8,0
2021-01-09 15:00:00,0.8,0.6,42.1,22.8,94.8,943.9,0
2021-01-09 15:10:00,0.8,0.6,88.5,22.9,95.2,943.9,0
2021-01-09 15:20:00,0.8,0.4,95.1,22.9,95.2,943.9,0
2021-01-09 15:30:00,0.8,0.1,75.9,22.9,95.4,943.9,0
2021-01-09 15:40:00,0.8,0.6,112.8,22.9,96,943.9,0
2021-01-09 15:50:00,0.8,0,26.7,22.9,96.6,943.8,0
2021-01-09 16:00:00,0.8,0,0,22.8,96.8,943.6,0
2021-01-09 16:10:00,0.8,0.3,50,22.7,96.8,943.5,0
2021-01-09 16:20:00,0.8,0.9,138,22.7,96.8,943.3,0
2021-01-09 16:30:00,0.8,0.7,152.7,22.7,96.7,943.2,0
2021-01-09 16:40:00,0.8,0.8,140,22.6,96.7,942.9,0
2021-01-09 16:50:00,0.8,0.7,147.8,22.5,96.8,942.7,0
2021-01-09 17:00:00,0.8,0.9,137.7,22.5,96.9,942.5,0
2021-01-09 17:10:00,0.8,0.7,116.6,22.4,96.9,942.3,0
2021-01-09 17:20:00,0.8,0.6,83.9,22.4,97,942.2,0
2021-01-09 17:30:00,0.8,0.8,110.5,22.3,97.1,942.2,0
2021-01-09 17:40:00,0.8,0.7,123.9,22.3,97.2,942.2,0
2021-01-09 17:50:00,0.8,0,13.6,22.2,97.2,942.1,0
2021-01-09 18:00:00,0.8,0.3,82.7,22.1,96.9,942,0
2021-01-09 18:10:00,0.8,0.1,3.9,22.2,95.7,941.9,0
2021-01-09 18:20:00,0.8,0.2,71.4,22.3,95.8,941.8,0
2021-01-09 18:30:00,1,0,17.3,22.2,95.5,941.8,0
2021-01-09 18:40:00,1.2,0,0,22.3,95.9,941.8,0
2021-01-09 18:50:00,1.4,0.5,12.2,22.3,96.3,941.6,0
2021-01-09 19:00:00,2,0.4,353.8,22.3,96.5,941.6,0
2021-01-09 19:10:00,2,0.9,335.7,22.2,96.5,941.4,0
2021-01-09 19:20:00,2,1,331.4,22,95.6,941.4,0
2021-01-09 19:30:00,2,0.5,351.3,22,95.1,941.3,0
2021-01-09 19:40:00,2,0.3,280.5,21.9,95.1,941.2,0
2021-01-09 19:50:00,2,0.6,240.1,21.9,95.6,941.1,0
2021-01-09 20:00:00,2,0,0,21.8,96.3,941.1,0
2021-01-09 20:10:00,2,0.8,82.7,21.9,96.4,941,0
2021-01-09 20:20:00,2,0.4,81.4,21.8,96.4,941,0
2021-01-09 20:30:00,2,0.3,87.4,21.8,96.4,941,0
2021-01-09 20:40:00,2,0.1,60.8,21.7,96.7,941,0
2021-01-09 20:50:00,2,0,0,21.6,96.9,941,0
2021-01-09 21:00:00,2,0,0,21.6,97.2,941.1,0
2021-01-09 21:10:00,2,0,0,21.6,97.4,941.2,0
2021-01-09 21:20:00,2,0.1,42.8,21.7,97.6,941.4,0
2021-01-09 21:30:00,2,0,28.6,21.8,97.8,941.7,0
2021-01-09 21:40:00,2,0,351.9,21.8,97.9,941.7,0
2021-01-09 21:50:00,2,0.4,281.5,21.8,97.9,941.7,0
2021-01-09 22:00:00,2,0.3,298.8,21.8,97.9,941.7,0
2021-01-09 22:10:00,2,0.4,261,21.7,97.7,941.8,0
2021-01-09 22:20:00,2,0.3,169.9,21.6,97.4,941.9,0
2021-01-09 22:30:00,2,0.6,129.2,21.5,97.3,942,2.7
2021-01-09 22:40:00,2,0,15.3,21.5,97.3,942.1,16
2021-01-09 22:50:00,2,0.2,29.2,21.6,97.5,942.1,25.3
2021-01-09 23:00:00,2,0.7,97.2,21.7,97.6,942.3,20.3
2021-01-09 23:10:00,2,0.2,47.7,21.8,97.8,942.3,24.9
2021-01-09 23:20:00,2,0.3,5.1,21.9,97.7,942.4,28
2021-01-09 23:30:00,2,0.6,7.8,22,97.4,942.6,36.8
2021-01-09 23:40:00,2,0.5,18.3,22.1,96.8,942.8,56.4
2021-01-09 23:50:00,2,0,354.4,22.3,95.7,942.9,91.1
2021-01-10 00:00:00,2,0,0,22.5,93.6,942.9,108
2021-01-10 00:10:00,0,0,0.3,22.7,92.2,943.2,99.6
2021-01-10 00:20:00,0,0,355.9,22.8,91.8,943.3,100
2021-01-10 00:30:00,0,0,0,23.1,90.8,943.4,114.2
2021-01-10 00:40:00,0,0,0,23.2,89.6,943.4,209.9
2021-01-10 00:50:00,0,0,0,23.6,87.4,943.6,242.7
2021-01-10 01:00:00,0,0.3,35.5,24,86.9,943.7,372.5
2021-01-10 01:10:00,0,0.8,95.6,24.8,82.5,943.5,575.5
2021-01-10 01:20:00,0,1,106,24.6,82.6,943.6,278.4
2021-01-10 01:30:00,0,1.2,111,24.8,82.9,943.5,484.7
2021-01-10 02:00:00,0,1.8,103.8,25.4,80.3,943.5,438.1
2021-01-10 02:10:00,0,1.8,125.7,25.2,81.4,943.6,392.2
2021-01-10 02:20:00,0,1.6,127.1,25.6,79.6,943.7,484.7
2021-01-10 02:30:00,0,1.6,121.5,25.9,77.5,943.6,688.6
2021-01-10 02:40:00,0,1.1,106.3,26.1,76.1,943.5,664.8
2021-01-10 02:50:00,0,1.2,109.1,26.3,75.1,943.3,439
2021-01-10 03:00:00,0,1.4,141.5,26.4,74.8,943.3,580.3
2021-01-10 03:10:00,0,1.6,136,26.4,74.6,943.3,379.9
2021-01-10 03:20:00,0,2.1,120.5,26.2,76.3,943.3,263.2
2021-01-10 03:30:00,0,2.1,112.8,26,78,943.2,205.1
2021-01-10 03:40:00,0,2.5,120.3,26,77.5,943,339.5
2021-01-10 03:50:00,0,2.2,109.4,26.7,77.6,943,842.6
2021-01-10 04:00:00,0,2.1,118.7,26.8,78.9,943,762.4
2021-01-10 04:10:00,0,0,0,0,0,0,0
2021-01-10 04:20:00,0,1.8,114.6,27.1,76.2,942.8,725
2021-01-10 04:30:00,0,2.1,127.9,27,76.7,942.7,703.7
2021-01-10 04:40:00,0,2.1,136.8,27.1,76.6,942.5,704.9
2021-01-10 04:50:00,0,2.2,132,27.4,75.5,942.3,848.5
2021-01-10 05:00:00,0,2.4,135,27.7,73.9,942.1,1050.9
2021-01-10 05:10:00,0,2.8,129,27.9,74.5,942,702.4
2021-01-10 05:20:00,0,2.8,134,27.3,76.2,941.8,544.7
2021-01-10 05:30:00,0,3.1,117.5,27.8,73.3,941.6,882.8
2021-01-10 05:40:00,0,3,146,27.9,71.8,941.2,944.2
2021-01-10 05:50:00,0,3.4,131.3,28.1,71.3,941.2,1016.1
2021-01-10 06:00:00,0,3.1,131.5,27.3,75.1,941.2,301.9
2021-01-10 06:10:00,0,2.2,120.5,26.5,78.7,941.2,89.3
2021-01-10 06:20:00,0,1.4,43.1,26.1,78.9,941.3,32.6
2021-01-10 06:30:00,9.6,2.7,359.9,24.3,84.7,941.5,14.5
2021-01-10 06:40:00,17.8,1.7,294.4,22.3,95,941.1,28.9
2021-01-10 06:50:00,22,1.1,258.4,21.9,96.3,941,44.6
2021-01-10 07:00:00,23,0.1,321.2,22.1,96.6,941,51.4
2021-01-10 07:10:00,25.2,0.4,10.9,22.1,96,940.7,60
2021-01-10 07:20:00,25.8,0.1,341.6,22.2,95.7,940.4,95.9
2021-01-10 07:30:00,26,0,0,22.5,95.1,940.1,113.6
2021-01-10 07:40:00,26,0.5,257.2,22.8,93.7,940.2,167.4
2021-01-10 07:50:00,26,0.4,258.4,23.3,91.7,940.4,221.9
2021-01-10 08:00:00,26,0.7,193.3,23.7,90.5,940.5,243.2
2021-01-10 08:10:00,26,0.4,134.3,23.9,87.5,940.5,191.8
2021-01-10 08:20:00,26,0.5,133.1,23.9,89.1,940.5,108.3
2021-01-10 08:30:00,26,1.2,103.9,23.8,90.6,940.6,92.8
2021-01-10 08:40:00,26,0.4,62.1,23.6,90.6,940.6,49.8
2021-01-10 08:50:00,26,1.3,90,23.5,91.7,940.7,18.6
2021-01-10 09:00:00,26.4,1.5,70.3,23.3,93.6,941.1,8.6
2021-01-10 09:10:00,28.8,1.3,100.3,23.1,95,941.1,10.3
2021-01-10 09:20:00,30.8,0.9,136.5,22.8,95.9,941.1,14.6
2021-01-10 09:30:00,31,0.7,112.9,22.6,96,941.3,2.9
2021-01-10 09:40:00,34,0.6,62.1,22.6,96.4,941.7,0.1
2021-01-10 09:50:00,41,1.1,31.2,22.7,97,941.9,0
2021-01-10 10:00:00,48.4,0.6,311.7,22.6,97.4,941.8,0.6
2021-01-10 10:10:00,49.2,0.5,305.8,22.5,97.7,941.8,6.5
2021-01-10 10:20:00,49.2,0.2,288.8,22.5,97.8,942,5.7
2021-01-10 10:30:00,49.2,0.4,306,22.5,97.7,942.3,0.1
2021-01-10 10:40:00,49.2,0.6,288.7,22.5,97.6,942.3,0
2021-01-10 11:10:00,50,0.3,336.6,22.6,97.1,942.3,0
2021-01-10 11:20:00,50.8,0.6,322.7,22.5,97,942.4,0
2021-01-10 11:30:00,51.2,0.3,326.7,22.4,96.8,942.6,0
2021-01-10 11:40:00,51.4,0.3,7.6,22.3,96.7,942.7,0
2021-01-10 11:50:00,51.4,0,0,22.4,96.1,942.7,0
2021-01-10 12:00:00,51.4,0.6,73.9,22.4,96.1,942.8,0
2021-01-10 12:10:00,51.6,0.9,131.2,22.5,96.8,942.9,0
2021-01-10 12:20:00,51.6,0.3,123.1,22.4,97.1,942.9,0
2021-01-10 12:30:00,51.6,0,5,22.3,97.2,942.9,0
2021-01-10 12:40:00,51.6,0,9.1,22.4,97.4,942.9,0
2021-01-10 12:50:00,51.6,0.3,7.3,22.3,97.4,942.9,0
2021-01-10 13:00:00,51.6,0.2,327.1,22.3,97.5,942.9,0
2021-01-10 13:10:00,51.6,0.4,319.8,22.2,97.5,943.1,0
2021-01-10 13:20:00,51.6,0,0,22.2,97.5,943.2,0
2021-01-10 13:30:00,51.6,0.1,347.9,22.3,97.6,943.3,0
2021-01-10 13:40:00,51.6,0.2,336.5,22.2,97.6,943.3,0
2021-01-10 13:50:00,51.6,0,351.1,22.2,97.6,943,0
2021-01-10 14:00:00,51.6,0,353,22.2,97.5,942.9,0
2021-01-10 14:10:00,51.6,0.4,342.5,22.1,97.3,943,0
2021-01-10 14:20:00,51.6,0.4,341.2,22,97.2,943.1,0
2021-01-10 14:30:00,51.6,0,354.5,21.9,96.9,943.1,0
2021-01-10 14:40:00,51.6,0,0,21.8,97.1,943.1,0
2021-01-10 14:50:00,51.6,0,0,21.8,97.3,943.3,0
2021-01-10 15:00:00,51.6,0.3,4.5,21.8,97.4,943.3,0
2021-01-10 15:10:00,51.6,0.6,341.5,21.8,97.5,943.3,0
2021-01-10 15:20:00,51.6,0.1,349.2,21.6,97.4,943.2,0
2021-01-10 15:30:00,51.6,0,8.7,21.5,96.8,943.2,0
2021-01-10 15:40:00,51.6,0,0,21.5,96.7,943.1,0
2021-01-10 15:50:00,51.6,0,0,21.5,96.8,943.1,0
2021-01-10 16:00:00,51.6,0.4,308.5,21.4,97.2,943.1,0
2021-01-10 16:10:00,51.6,0.9,268.4,21.4,97.4,942.9,0
2021-01-10 16:20:00,51.6,0.7,277.3,21.4,97.5,942.9,0
2021-01-10 16:30:00,51.6,0.7,309.9,21.4,97.6,942.8,0
2021-01-10 16:40:00,51.6,0.9,300.2,21.4,97.5,942.8,0
2021-01-10 16:50:00,51.6,1.2,306.4,21.4,96.8,942.8,0
2021-01-10 17:00:00,51.6,0.9,321.2,21.4,96.5,942.8,0
2021-01-10 17:10:00,51.6,0.7,335.9,21.4,96.5,942.7,0
2021-01-10 17:20:00,51.6,1.1,309.1,21.3,96.3,942.6,0
2021-01-10 17:30:00,51.6,1.1,316.3,21.3,95.7,942.6,0
2021-01-10 17:40:00,51.6,1.2,304.3,21.3,95.4,942.3,0
2021-01-10 17:50:00,51.6,0.9,301.2,21.3,95.8,942.2,0
2021-01-10 18:00:00,51.6,1,305.8,21.3,95.9,942.1,0
2021-01-10 18:10:00,51.6,0.7,307.5,21.4,95.6,942,0
2021-01-10 18:20:00,51.6,1.1,308.8,21.5,95.5,942,0
2021-01-10 18:30:00,51.6,1.3,304.5,21.6,94.5,942,0
2021-01-10 18:40:00,51.6,1.3,302.3,21.7,93.5,942.1,0
2021-01-10 18:50:00,51.6,1,309.4,21.8,93.3,942.1,0
2021-01-10 19:00:00,51.6,1,322.9,21.8,93.7,942.1,0
2021-01-10 19:10:00,51.6,0.9,310.5,21.8,94.3,942,0
2021-01-10 19:20:00,51.6,0.9,306.4,21.7,94.5,941.8,0
2021-01-10 19:30:00,51.6,0.7,300.8,21.7,94.6,941.7,0
2021-01-10 19:40:00,51.6,0.6,344.1,21.7,93.4,941.7,0
2021-01-10 19:50:00,51.6,0.9,312.4,21.7,94.5,941.7,0
2021-01-10 20:00:00,51.6,1.1,310.6,21.7,94.4,941.7,0
2021-01-10 20:10:00,51.6,1.1,307.9,21.8,93.5,941.7,0
2021-01-10 20:20:00,51.6,0.6,318.1,22,92.1,941.8,0
2021-01-10 20:30:00,51.6,0.1,330.2,21.9,94.2,941.7,0
2021-01-10 20:40:00,51.6,0,0,21.8,95.1,941.7,0
2021-01-10 20:50:00,51.6,0,0,21.8,95.2,941.7,0
2021-01-10 21:00:00,51.6,0,0,21.8,95.1,941.7,0
2021-01-10 21:10:00,51.6,0,0,21.8,95.1,941.7,0
2021-01-10 21:40:00,51.6,0.3,292.3,22,94.3,941.9,0
2021-01-10 21:50:00,51.6,1.3,311.8,22,93,942,0
2021-01-10 22:00:00,51.6,1.5,313.2,22.1,91.6,941.9,0
2021-01-10 22:10:00,51.6,1.6,308.1,22,91.5,942.1,0
2021-01-10 22:20:00,51.6,1.7,306.2,21.9,91.7,942.1,0
2021-01-10 22:30:00,51.6,1.3,317.1,21.9,91.7,942.1,0.4
2021-01-10 22:40:00,51.6,0.5,317.5,21.8,92.4,942.3,10.2
2021-01-10 22:50:00,51.6,0,0,21.8,92.6,942.4,18.8
2021-01-10 23:00:00,51.6,0.6,269.7,21.8,93.1,942.6,33.2
2021-01-10 23:10:00,51.6,0.4,265.8,21.9,93.2,942.6,62
2021-01-10 23:20:00,51.6,0,323.3,22.3,91.8,942.7,92.7
2021-01-10 23:30:00,51.6,0,351,22.8,90.2,942.9,116.2
2021-01-10 23:40:00,51.6,0,0,23.2,88.7,943.2,137.9
2021-01-10 23:50:00,51.6,0,342.8,23.6,85.7,943.4,166
2021-01-11 00:00:00,51.6,0.6,160.6,23.7,85.8,943.9,173.2
2021-01-11 00:10:00,0,0.6,168.9,23.6,88,944,148.1
2021-01-11 00:20:00,0,0.6,148.4,23.6,88.4,944,151.6
2021-01-11 00:30:00,0,0.8,152.7,23.7,88.6,944,185.2
2021-01-11 00:40:00,0,0.6,73.5,23.8,88.8,944.2,200.6
2021-01-11 01:10:00,0,1,159.1,24.4,86.3,944.2,415.7
2021-01-11 01:20:00,0,1.1,139.9,24.7,85.7,944.4,407
2021-01-11 01:30:00,0,1.1,142.9,25,83.4,944.4,494.1
2021-01-11 01:40:00,0,0.8,75.7,25,83.6,944.5,334
2021-01-11 01:50:00,0,0.1,14.2,25.6,80.8,944.4,396.3
2021-01-11 02:00:00,0,0.4,39.5,26.2,78.2,944.4,481.2
2021-01-11 02:10:00,0,0.6,79.5,26.5,75.5,944.3,673.1
2021-01-11 02:20:00,0,0.8,47.8,27.3,72.6,944.2,738
2021-01-11 02:30:00,0,1.1,69.1,27.8,72.5,944.1,773.8
2021-01-11 02:40:00,0,1.8,74.3,28.2,69,944.1,938.4
2021-01-11 02:50:00,0,2.8,81.8,28.1,70,944,865.5
2021-01-11 03:00:00,0,2.5,55.8,28.7,69.4,943.9,1033.3
2021-01-11 03:10:00,0,2.6,59.8,28.6,70.5,943.9,961.7
2021-01-11 03:20:00,0,3,62.8,28.3,72.5,943.8,846.8
2021-01-11 03:30:00,0,2.2,51.2,28.6,71.6,943.6,784.5
2021-01-11 03:40:00,0,2.8,61.7,28.7,70.7,943.4,705
2021-01-11 03:50:00,0,2.6,55.1,28.8,71,943.2,881.7
2021-01-11 04:00:00,0,2.4,43.2,28.7,70,943,717.4
2021-01-11 04:10:00,0,2.8,54,29.1,69.9,942.8,905.8
2021-01-11 06:10:00,0,4.5,67,27.7,75.3,941.2,302.4
2021-01-11 06:20:00,0,3.3,54.9,27.6,76.6,941.2,232.1
2021-01-11 06:30:00,0,4.1,69.6,26.8,78.5,941.3,116.2
2021-01-11 06:40:00,0,3.3,84.2,26.5,80.5,941.1,170
2021-01-11 06:50:00,0,3,77.4,26.7,80.8,941,249.2
2021-01-11 07:00:00,0,3.2,79.2,26.8,79.7,940.7,212.5
2021-01-11 07:10:00,0,3.6,88,26.2,83,940.8,106.6
2021-01-11 07:20:00,0,3.1,96.6,25.6,86.6,940.9,52
2021-01-11 07:30:00,0,3.3,60.8,25.5,84.4,941.1,43.2
2021-01-11 07:40:00,0,2.6,49.2,25.4,82.3,941.1,72.7
2021-01-11 07:50:00,1.2,3.1,61,24.6,86.3,941,130.1
2021-01-11 08:00:00,1.2,2.9,87.9,24.5,90.1,940.9,175.9
2021-01-11 08:10:00,1.2,3.4,70.8,24.8,90,941,112.8
2021-01-11 08:20:00,1.2,3,86.8,24.8,89.7,941,92.5
2021-01-11 08:50:00,1.2,2.4,83.8,24.6,88.6,941.3,56.9
2021-01-11 09:00:00,1.2,2.6,70.3,24.5,88.8,941.3,70.4
2021-01-11 09:10:00,1.2,3,70.4,24.4,88.6,941.4,75.3
2021-01-11 09:20:00,1.2,1.6,76,24.2,89.7,941.6,81.8
2021-01-11 09:30:00,1.2,1.8,88.7,24.1,90.5,941.8,49.8
2021-01-11 09:40:00,1.2,2.1,103.4,24,91.3,941.8,54.9
2021-01-11 09:50:00,1.2,1.6,139,23.7,93.3,941.8,33.2
2021-01-11 10:00:00,1.2,1.8,123.4,23.5,94.3,941.8,25.8
2021-01-11 10:10:00,1.6,1.5,113.7,23.4,94.8,941.8,43.5
2021-01-11 10:20:00,1.6,1.3,103.8,23.3,95.3,942,27.6
2021-01-11 10:30:00,1.6,1.4,109.2,23.1,95.6,942.3,14.2
2021-01-11 10:40:00,1.6,1.6,101.6,23,95.6,942.6,3.5
2021-01-11 10:50:00,1.6,1.4,123.5,22.9,95.8,942.8,0
2021-01-11 11:00:00,1.6,1.5,129.3,22.9,96.2,942.9,0
2021-01-11 11:10:00,1.6,1.4,122.3,22.8,96.1,943.2,0
2021-01-11 11:20:00,1.6,1.3,125.6,22.7,95.6,943.4,0
2021-01-11 11:30:00,1.6,0.9,147.9,22.7,95.6,943.4,0
2021-01-11 11:40:00,1.6,1.1,163.3,22.7,94.9,943.3,0
2021-01-11 11:50:00,1.6,0.5,163.2,22.7,95.2,943.3,0
2021-01-11 12:00:00,1.6,0.9,137.1,22.8,95.4,943.4,0
2021-01-11 12:10:00,1.6,0.1,25.1,22.8,95.4,943.8,0
2021-01-11 12:20:00,1.6,0.2,38.1,22.7,95,943.9,0
2021-01-11 12:30:00,1.6,0.7,111.8,22.7,94.6,944.2,0
2021-01-11 12:40:00,1.6,0.5,61.4,22.8,94.7,944.3,0
2021-01-11 13:10:00,1.6,0.2,29.3,23,94,944.4,0
2021-01-11 13:20:00,1.6,0.3,352.7,22.9,94.2,944.5,0
2021-01-11 13:30:00,1.6,0.2,339.7,22.9,93.8,944.7,0
2021-01-11 13:40:00,1.6,0,0,22.9,94.1,944.7,0
2021-01-11 13:50:00,1.6,0,0,22.8,94.2,944.7,0
2021-01-11 14:00:00,1.6,0.3,40.9,22.8,94.3,945,0
2021-01-11 14:10:00,1.6,1,127.3,22.8,95.7,945,0
2021-01-11 14:20:00,1.6,0.4,167.4,22.7,96.1,945,0
2021-01-11 14:30:00,1.6,0.3,138.2,22.7,96.3,945.1,0
2021-01-11 14:40:00,1.6,0,0,22.7,96.3,945,0
2021-01-11 14:50:00,1.6,0,0,22.7,96.1,945,0
2021-01-11 15:00:00,1.6,0,0,22.7,96.1,945,0
2021-01-11 15:10:00,1.6,0,0,22.8,96,945.1,0
2021-01-11 15:20:00,1.6,0,0,22.8,95.7,945.2,0
2021-01-11 15:30:00,1.6,0,0,22.8,95.3,945,0
2021-01-11 15:40:00,1.6,0,351,22.9,95.3,945,0
2021-01-11 15:50:00,1.6,0.1,5.6,22.9,94.9,945,0
2021-01-11 19:20:00,1.6,0.8,300,22.6,94.2,942.7,0
2021-01-11 19:30:00,1.6,0.5,302.8,22.4,93.9,942.6,0
2021-01-11 19:40:00,1.6,0.9,306.8,22.3,93.8,942.6,0
2021-01-11 19:50:00,1.6,0.5,290.5,22.2,93.5,942.7,0
2021-01-11 20:00:00,1.6,0.6,263.4,22.1,93.2,942.8,0
2021-01-11 20:10:00,1.6,0.2,313.8,22,93.5,942.8,0
2021-01-11 20:20:00,1.6,0.4,325.7,21.9,93,942.6,0
2021-01-11 20:30:00,1.6,0.5,297.9,22,91.8,942.6,0
2021-01-11 20:40:00,1.6,0.5,294.8,22,91.5,942.6,0
2021-01-11 20:50:00,1.6,0.5,308.6,22,91.7,942.5,0
2021-01-11 21:00:00,1.6,0.7,273.8,22,91,942.5,0
2021-01-11 21:10:00,1.6,0.2,313.7,21.9,90.7,942.4,0
2021-01-11 21:20:00,1.6,0.4,303.9,21.8,90.9,942.6,0
2021-01-11 21:30:00,1.6,1.3,301.4,21.8,91.4,942.6,0
2021-01-11 21:40:00,1.6,1.1,297.7,21.9,91.6,942.8,0
2021-01-11 21:50:00,1.6,0.4,345,21.8,91.8,942.9,0
2021-01-11 22:00:00,1.6,0.6,171.2,21.6,93.2,943.2,0
2021-01-11 22:10:00,1.6,0,52.4,21.5,94.3,943.3,0
2021-01-11 22:20:00,1.6,0.2,338,21.5,93.5,943.3,0
2021-01-11 22:30:00,1.6,0.1,341.1,21.6,93.5,943.4,0.3
2021-01-11 22:40:00,1.6,0.3,339.8,21.7,93.6,943.4,11.7
2021-01-11 22:50:00,1.6,0.8,309,21.9,92.8,943.6,23.4
2021-01-11 23:00:00,1.6,0.6,295.8,22.1,92.5,943.6,36.7
2021-01-11 23:10:00,1.6,0.9,304.2,22.2,91.3,943.8,43.5
2021-01-11 23:20:00,1.6,0.5,320.1,22.4,89.6,943.9,46.4
2021-01-11 23:30:00,1.6,0,11.2,22.7,89.6,944.1,46.9
2021-01-11 23:40:00,1.6,0,0,22.8,89.9,944.2,64.5
2021-01-11 23:50:00,1.6,0,0,22.7,90.9,944.3,75.6
2021-01-12 00:00:00,1.6,0,0,23,89.9,944.4,92.1
2021-01-12 00:10:00,0,0,0,23.4,88.3,944.4,110
2021-01-12 00:20:00,0,0,0,23.9,85.8,944.5,133.9
2021-01-12 00:30:00,0,0.7,309.5,24.4,82.8,944.6,154.3
2021-01-12 00:40:00,0,0.9,313.5,24.8,80.6,944.6,182.9
2021-01-12 00:50:00,0,0,0,0,0,0,0
2021-01-12 01:00:00,0,0.1,15.5,25.7,76.8,944.7,243.7
2021-01-12 01:10:00,0,0.3,310.3,26,71.5,944.7,335.2
2021-01-12 01:20:00,0,1,71.4,26.3,75,944.7,439.2
2021-01-12 01:30:00,0,1.4,97.5,26.2,77.1,944.7,417.7
2021-01-12 01:40:00,0,1.3,105,26.3,74.4,944.7,480.5
2021-01-12 01:50:00,0,1.2,82.4,26.5,75.3,944.6,474.2
2021-01-12 02:00:00,0,1.5,58.1,26.9,74.5,944.6,456.9
2021-01-12 02:10:00,0,1.5,61.5,26.8,72.8,944.4,524.1
2021-01-12 02:20:00,0,1.7,88.6,26.7,73.9,944.3,486.5
2021-01-12 02:30:00,0,1.8,72.6,27.1,74.4,944.3,516.6
2021-01-12 02:40:00,0,2,61.8,27.3,73.9,944.3,529.9
2021-01-12 02:50:00,0,1.9,94.7,27.5,71.9,944.3,563.2
2021-01-12 03:00:00,0,1.9,83.5,27.4,70.9,944.2,667.1
2021-01-12 03:10:00,0,1.4,79.5,27.9,67.7,944,920
2021-01-12 03:20:00,0,1.5,73.7,28.6,65.8,943.9,928.4
2021-01-12 03:30:00,0,2.3,92.9,28.6,67.5,943.9,893.8
2021-01-12 03:40:00,0,1.4,138.1,28.6,66.2,943.7,925.3
2021-01-12 03:50:00,0,1.8,93.8,28.7,64.2,943.4,748.1
2021-01-12 04:00:00,0,1.7,134.4,28.8,65,943.3,864.4
2021-01-12 04:10:00,0,0,0,0,0,0,0
2021-01-12 04:20:00,0,1.9,110.4,29,62.8,943.1,841.6
2021-01-12 04:30:00,0,1.7,103.5,29,62.3,943,737.8
2021-01-12 04:40:00,0,2.1,110.9,30,61.7,942.8,1152.7
2021-01-12 04:50:00,0,3.1,72.7,29.7,63.1,942.7,672.9
2021-01-12 05:00:00,0,2.8,61.4,29.4,65.5,942.6,787.3
2021-01-12 05:10:00,0,2.7,77.8,29.6,64.7,942.5,1006.9
2021-01-12 05:20:00,0,2.4,68.6,30,64.1,942.4,974.3
2021-01-12 05:30:00,0,1.9,88.7,29.6,63.6,942.2,728.4
2021-01-12 11:10:00,9.2,0.9,340.7,22.4,96.7,942.9,0
2021-01-12 11:20:00,9.2,0.8,328.1,22.5,96.7,943,0
2021-01-12 11:30:00,9.2,0.7,341.4,22.6,96.7,943.1,0
2021-01-12 11:40:00,9.2,0.1,359.4,22.7,96.5,943.1,0
2021-01-12 11:50:00,9.2,0.5,73.4,22.6,96.3,943.3,0
2021-01-12 12:00:00,9.2,0.6,145,22.7,96.4,943.4,0
2021-01-12 12:10:00,9.2,0.2,32,22.6,96.9,943.4,0
2021-01-12 12:20:00,9.2,0.8,131.4,22.5,97.2,943.5,0
2021-01-12 12:30:00,9.2,0.3,60.2,22.5,97.4,943.6,0
2021-01-12 12:40:00,9.2,0.2,25.7,22.5,97.4,943.7,0
2021-01-12 12:50:00,9.4,0,0,22.5,97.2,943.9,0
2021-01-12 13:00:00,9.4,0,0,22.6,96.9,943.9,0
2021-01-12 13:10:00,9.4,0,0,22.5,96.2,943.9,0
2021-01-12 13:20:00,9.4,0.3,38.4,22.5,96.1,943.9,0
2021-01-12 13:50:00,9.4,0,0,22.4,96.7,943.9,0
2021-01-12 14:20:00,9.4,0.2,35.1,22.5,97.3,944.1,0
2021-01-12 14:30:00,9.4,0.1,356.5,22.5,97.3,944.1,0
2021-01-12 14:40:00,9.4,0.1,15.1,22.5,97.1,944.1,0
2021-01-12 14:50:00,9.4,0.1,6.5,22.5,96.9,944.3,0
2021-01-12 15:00:00,9.4,0.6,48.5,22.5,97,944.3,0
2021-01-12 15:10:00,9.4,0.8,55.8,22.5,97,944.2,0
2021-01-12 15:20:00,9.4,0.4,24.4,22.6,96.9,944.4,0
2021-01-12 15:30:00,9.4,0.2,36.4,22.6,96.8,944.4,0
2021-01-12 15:40:00,9.4,0.2,53.2,22.6,96.7,944.3,0
2021-01-12 15:50:00,9.4,0.3,44.8,22.5,96.8,944.2,0
2021-01-12 16:00:00,9.4,0.9,107.6,22.6,97,944.4,0
2021-01-12 16:10:00,9.4,1,85.1,22.5,97.1,944.4,0
2021-01-12 16:20:00,9.4,0.4,97.4,22.5,97.1,944.4,0
2021-01-12 16:30:00,9.4,0,29.1,22.5,97.1,944.1,0
2021-01-12 17:00:00,9.4,0,0,22.5,97,943.9,0
2021-01-12 17:10:00,9.4,0,0,22.5,96.9,943.9,0
2021-01-12 17:20:00,0,0,0,0,0,0,0
2021-01-12 17:30:00,9.4,0,0,22.5,97,943.5,0
2021-01-12 18:00:00,9.4,0,323.5,22.5,97,943.3,0
2021-01-12 18:10:00,9.4,0.3,344.5,22.5,96.9,943.3,0
2021-01-12 18:20:00,9.4,0.3,72.8,22.6,97,943.2,0
2021-01-12 18:30:00,9.4,0.1,14.7,22.6,97.2,943.1,0
2021-01-12 18:40:00,9.4,0,10.7,22.6,97,943,0
2021-01-12 18:50:00,9.4,0,0,22.5,96.7,942.8,0
2021-01-12 19:00:00,9.4,0.7,101.5,22.6,96.9,942.8,0
2021-01-12 19:10:00,9.4,0.9,108.8,22.6,97.2,942.8,0
2021-01-12 19:20:00,9.4,1.3,123.3,22.5,97.3,942.8,0
2021-01-12 19:30:00,9.4,0.6,131.9,22.5,97.4,942.8,0
2021-01-12 19:40:00,9.4,0.7,138.3,22.5,97.5,942.7,0
2021-01-12 19:50:00,9.6,0.5,144.7,22.5,97.5,942.5,0
2021-01-12 20:00:00,9.6,0.3,270,22.4,97.5,942.5,0
2021-01-12 20:10:00,9.8,0,0,22.4,97,942.5,0
2021-01-12 20:20:00,10.2,0,0,22.3,96.4,942.5,0
2021-01-12 20:30:00,10.2,0.1,27.2,22.4,96.6,942.5,0
2021-01-12 20:40:00,10.4,0.3,55.9,22.5,97,942.5,0
2021-01-12 20:50:00,10.4,0.6,151.1,22.5,97.3,942.5,0
2021-01-12 21:00:00,10.4,1.1,142,22.5,97.5,942.6,0
2021-01-12 21:10:00,10.4,1,152.6,22.4,97.6,942.7,0
2021-01-12 21:20:00,10.6,0.7,192.7,22.3,97.6,942.8,0
2021-01-12 21:30:00,10.6,0.7,210.4,22.3,97.6,942.8,0
2021-01-12 21:40:00,10.8,1,206,22.2,97.4,942.8,0
2021-01-12 21:50:00,10.8,0.4,139.9,22.3,97.1,943,0
2021-01-12 22:00:00,10.8,0.2,42.8,22.3,96.9,943.2,0
2021-01-12 22:10:00,10.8,0.6,100.6,22.3,97.1,943.3,0
2021-01-12 22:20:00,10.8,1,133.3,22.3,97.1,943.3,0
2021-01-12 22:30:00,10.8,0.7,172.8,22.3,97.3,943.3,0
2021-01-12 22:40:00,10.8,1.4,148.2,22.2,97.5,943.5,0.2
2021-01-12 22:50:00,10.8,1.5,132.9,22.2,97.5,943.6,8.4
2021-01-12 23:00:00,10.8,1.4,132.9,22.2,97.5,943.8,8.4
2021-01-12 23:10:00,10.8,1.3,139.6,22.1,97.5,944,11.3
2021-01-12 23:20:00,10.8,1.3,115.5,22.2,97.4,944.1,18.5
2021-01-12 23:30:00,10.8,1.3,116.4,22.2,97.3,944.3,18.5
2021-01-13 00:50:00,0.4,2.5,102.3,22.6,95.8,944.7,219.2
2021-01-13 01:00:00,0.4,1.9,109.7,22.8,94.7,944.9,237.3
2021-01-13 01:10:00,0.4,2.7,123.7,22.8,93.5,945.1,273.9
2021-01-13 01:20:00,0.4,2.3,139.8,22.9,93.3,945.1,223.6
2021-01-13 01:30:00,0.4,2,124.2,23,93.1,945.2,253
2021-01-13 01:40:00,0.4,2.1,136.2,23,92.9,945.2,135.4
2021-01-13 02:10:00,0.4,2,157.5,23.1,91.8,945,257.9
2021-01-13 02:20:00,0.4,1.3,161.6,23.8,88.9,944.9,360.7
2021-01-13 02:30:00,0.4,0.8,128.3,24.1,86.6,944.7,347.5
2021-01-13 02:40:00,0.4,1,127.2,24.6,84.1,944.6,473.7
2021-01-13 02:50:00,0.4,1.6,141.3,25.1,82.4,944.4,643
2021-01-13 03:00:00,0.4,1.3,153.9,25.9,79.1,944.3,970.3
2021-01-13 03:10:00,0.4,2.2,129,26.6,74.1,944.1,1014.8
2021-01-13 03:20:00,0.4,2.3,135.1,26.8,73.4,943.9,982.7
2021-01-13 03:30:00,0.4,3.2,131.5,26.3,78.2,943.9,624.1
2021-01-13 03:40:00,0.4,3.2,127.6,26.5,78.2,943.9,653
2021-01-13 03:50:00,0.4,3.4,125.6,26.2,78.9,943.9,612.7
2021-01-13 04:00:00,0.4,3.7,114.2,27,76.4,943.9,927.7
2021-01-13 04:10:00,0.4,4.2,116,26.9,74.5,943.9,448.7
2021-01-13 08:20:00,0.4,4,149.6,25.8,77.8,942.5,260.5
2021-01-13 08:30:00,0.4,3.3,144,25.9,76.5,942.5,309.4
2021-01-13 08:40:00,0.4,3.2,146.9,26,77.5,942.4,320.5
2021-01-13 08:50:00,0.4,3.2,145.7,25.6,78.7,942.3,229.8
2021-01-13 09:00:00,0.4,2.3,156.3,25.6,76.7,942.5,218
2021-01-13 09:10:00,0.4,3.1,141.3,25.6,77.6,942.7,164.3
2021-01-13 09:20:00,0.4,3.8,155.1,25.1,80.4,942.8,122.3
2021-01-13 09:30:00,0.4,3.2,161.1,24.7,82.3,942.9,100
2021-01-13 09:40:00,0.4,3.7,164.5,24.3,82.1,943,80.7
2021-01-13 09:50:00,0.4,3.4,156.6,23.5,85,943.1,49.6
2021-01-13 10:00:00,0.4,3.5,149.8,23.1,87,943.1,49.7
2021-01-13 10:10:00,0.4,3.1,129.8,22.7,89.9,943.2,26.7
2021-01-13 10:20:00,0.4,2,153.8,22.5,91.6,943.2,17.9
2021-01-13 10:30:00,0.4,2,171.3,22.9,88.2,943.4,10.1
2021-01-13 10:40:00,0.4,2,164.8,22.6,89.5,943.4,9.2
2021-01-13 10:50:00,0.4,1.2,146,22.3,92.5,943.5,2.8
2021-01-13 11:00:00,0.4,2,141.3,22.2,92.4,943.6,0
2021-01-13 11:10:00,0.4,2.4,129.4,22.1,93.1,943.8,0
2021-01-13 11:20:00,0.4,2.1,129.6,21.9,94.9,944,0
2021-01-13 11:30:00,0.4,1.6,143.1,21.8,94.9,944.1,0
2021-01-13 11:40:00,0.4,0.8,99,21.9,94.3,944,0
2021-01-13 11:50:00,0.4,1.8,121.7,22,93.4,944.1,0
2021-01-13 12:00:00,0.4,1.5,138.5,22.1,93.8,944.4,0
2021-01-13 12:10:00,0.4,1.4,132.5,22,94.7,944.4,0
2021-01-13 12:20:00,0.4,0.6,351.9,21.9,95.5,944.4,0
2021-01-13 12:30:00,0.4,0.2,346.4,22,95.4,944.4,0
2021-01-13 12:40:00,0.4,0.7,143.7,22,95.5,944.7,0
2021-01-13 12:50:00,0.4,0.4,66.5,22.1,95.7,944.6,0
2021-01-13 13:00:00,0.4,1,116.2,22.1,95.3,944.9,0
2021-01-13 13:10:00,0.4,1.5,102.8,22.1,94.5,945,0
2021-01-13 13:20:00,0.4,1.7,97.1,22,95.2,944.9,0
2021-01-13 13:30:00,0.4,2,87.3,22,95.1,944.8,0
2021-01-13 13:40:00,0.4,0.9,63.2,22,94.8,944.7,0
2021-01-13 13:50:00,0.4,1.1,68.4,21.9,93.9,944.9,0
2021-01-13 14:00:00,0.4,0.3,87.7,22,92.5,944.9,0
2021-01-13 14:10:00,0.4,0,0,22,93.1,944.9,0
2021-01-13 14:20:00,0.4,0,0,22,94.1,944.9,0
2021-01-13 14:30:00,0.4,0.5,85.8,21.9,94.7,944.9,0
2021-01-13 14:40:00,0.4,0.7,101.3,21.8,94.2,944.9,0
2021-01-13 14:50:00,0.4,0.6,51.8,21.8,94.3,945,0
2021-01-13 15:00:00,0.4,0.6,59.5,21.7,94.6,944.9,0
2021-01-13 15:10:00,0.4,0.1,10.8,21.8,94.5,944.9,0
2021-01-13 15:20:00,0.4,0.8,65.6,21.8,94.4,944.9,0
2021-01-13 15:30:00,0.4,1.6,74.9,21.7,94.6,944.9,0
2021-01-13 15:40:00,0.4,1.3,71.6,21.7,94.9,944.9,0
2021-01-13 15:50:00,0.4,1.7,96.6,21.7,93.8,944.9,0
2021-01-13 16:00:00,0.4,1.5,122.3,21.8,91.9,944.9,0
2021-01-13 16:10:00,0.4,0.9,94.4,21.7,92.8,944.9,0
2021-01-13 16:20:00,0.4,0.9,81,21.6,93.9,944.7,0
2021-01-13 16:30:00,0.4,1,54,21.5,94.3,944.7,0
2021-01-13 16:40:00,0.4,1.1,76.5,21.5,94.8,944.7,0
2021-01-13 16:50:00,0.4,0.9,133.1,21.4,95.1,944.7,0
2021-01-13 17:00:00,0.4,0.4,42.9,21.4,95.3,944.7,0
2021-01-13 17:10:00,0.4,1,339,21.5,95,944.6,0
2021-01-13 17:20:00,0.4,0.4,20.9,21.6,94.4,944.4,0
2021-01-13 17:30:00,0.4,0.9,64.6,21.6,94.5,944.4,0
2021-01-13 17:40:00,0.4,1.4,100.4,21.6,93.2,944.4,0
2021-01-13 17:50:00,0.4,0.4,48.6,21.6,92.8,944.4,0
2021-01-13 18:00:00,0.4,0.3,12,21.6,93,944.4,0
2021-01-13 18:10:00,0.4,0.2,21.6,21.6,92.8,944.2,0
2021-01-13 18:20:00,0.4,0.6,351.2,21.7,92.8,944.1,0
2021-01-13 18:30:00,0.4,0.2,12.2,21.6,92.9,944.1,0
2021-01-13 18:40:00,0.4,0.8,42.3,21.5,93.4,944,0
2021-01-13 18:50:00,0.4,1.3,45.6,21.4,93.9,944,0
2021-01-13 19:00:00,0.4,1.2,47.6,21.3,94.6,944.1,0
2021-01-13 19:10:00,0.4,1,47,21.3,94.7,944.1,0
2021-01-13 19:20:00,0.4,1.1,52.2,21.3,94.4,944,0
2021-01-13 19:30:00,0.4,1,61.5,21.3,93.9,944,0
2021-01-13 19:40:00,0.4,0.6,57.3,21.3,93.7,944,0
2021-01-13 19:50:00,0.4,0.1,348.2,21.3,93.1,944,0
2021-01-13 20:00:00,0.4,0,7.4,21.4,92.9,944,0
2021-01-13 20:10:00,0.4,0,0,21.4,92.9,944,0
2021-01-13 20:20:00,0.4,0.2,353.2,21.4,93,944.1,0
2021-01-13 20:30:00,0.4,0.1,330.6,21.4,93,944.3,0
2021-01-13 20:40:00,0.4,0.4,148.1,21.4,93.9,944.3,0
2021-01-13 20:50:00,0.4,0,336.8,21.2,94.8,944.4,0
2021-01-13 21:00:00,0.4,0,0,21.1,95,944.4,0
2021-01-13 21:10:00,0.4,0,0,21.1,95.3,944.3,0
2021-01-13 21:20:00,0.4,0.2,17.8,21.2,95.7,944.3,0
2021-01-13 21:30:00,0.4,0.4,341.6,21.2,95.6,944.2,0
2021-01-13 21:40:00,0.4,0,353.2,21.2,95.4,944.3,0
2021-01-13 21:50:00,0.4,0,0,21.2,95.6,944.3,0
2021-01-13 22:00:00,0.4,0.7,348.7,21.2,95,944.3,0
2021-01-13 22:10:00,0.4,0.5,332.4,21.3,94.1,944.3,0
2021-01-13 22:20:00,0.4,0.5,311.2,21.3,93.5,944.3,0
2021-01-13 22:30:00,0.4,0.2,351.6,21.4,93.3,944.3,0.1
2021-01-13 22:40:00,0.4,0,356.2,21.4,92.9,944.3,5.1
2021-01-13 22:50:00,0.4,0.3,82.2,21.4,93.7,944.5,12.5
2021-01-13 23:00:00,0.4,0.4,133.2,21.4,93.7,944.7,17.6
2021-01-13 23:10:00,0.4,0.8,110.3,21.5,92.6,944.8,22.2
2021-01-13 23:20:00,0.4,0.8,53,21.7,91.9,944.9,36.4
2021-01-13 23:30:00,0.4,0.3,18.5,21.9,91.4,945.1,58.9
2021-01-13 23:40:00,0.4,0.3,334.9,22.2,89.9,945.2,88.4
2021-01-14 03:10:00,0,3.8,138.1,27.4,64.8,944.9,731.8
2021-01-14 03:20:00,0,3.9,136.8,27.4,64,944.9,581.7
2021-01-14 03:30:00,0,4.4,147.7,27.1,66.6,944.9,535
2021-01-14 03:40:00,0,4.3,152.9,27.1,65.5,944.9,554.4
2021-01-14 03:50:00,0,3.2,160.2,27.5,65.4,944.8,706.2
2021-01-14 04:00:00,0,3.2,155.2,27.8,63.1,944.7,691.7
2021-01-14 04:10:00,0,0,0,0,0,0,0
2021-01-14 04:20:00,0,3.1,147.6,27.2,65.8,944.5,464.2
2021-01-14 04:30:00,0,3.2,139.5,27.7,64.6,944.4,795.8
2021-01-14 04:40:00,0,3.4,127.5,28.1,63.5,944.4,898.6
2021-01-14 05:30:00,0,3.6,142.1,24.3,84.4,944.5,240.9
2021-01-14 05:40:00,0,4.6,128.6,23.8,88,944.3,201.4
2021-01-14 05:50:00,0.4,4,133.3,23.3,91.2,944.3,217.6
2021-01-14 06:00:00,1,3,136.8,23.1,91.9,944.3,266.7
2021-01-14 06:10:00,1,2.5,149,23.6,89.5,944.1,322.8
2021-01-14 06:20:00,1,2.6,125.4,24,88.4,944,447.5
2021-01-14 06:30:00,1,2,113.8,24.8,87.8,943.9,499.9
2021-01-14 06:40:00,1,3.4,130.2,25.2,82.9,943.8,501.5
2021-01-14 06:50:00,1,4,153.4,25.5,81.1,943.8,693.4
2021-01-14 07:00:00,1.2,5.2,176.4,26,71.5,943.9,795
2021-01-14 07:10:00,1.2,4.9,172,25.7,70.5,943.7,850.5
2021-01-14 07:20:00,1.2,4.4,170.8,25.9,68.5,943.4,571.5
2021-01-14 07:30:00,1.2,5,170.2,25.3,68.7,943.4,231.3
2021-01-14 07:40:00,1.2,3.4,167.9,24.7,72.8,943.4,226.7
2021-01-14 07:50:00,1.2,4,156.6,23.6,82.6,943.5,181
2021-01-14 08:00:00,0,0,0,0,0,0,0
2021-01-14 08:10:00,1.4,2.3,158.3,23.1,86.5,943.5,130.4
2021-01-14 08:20:00,2,0.4,315.8,22.7,90.1,943.6,118.5
2021-01-14 08:30:00,2.8,1.2,76.3,22.7,90.4,943.5,129.7
2021-01-14 08:40:00,3,1.2,130.6,22.7,90.7,943.6,136.3
2021-01-14 08:50:00,3,0.5,128.2,23,88.1,943.6,157.9
2021-01-14 09:00:00,3,0.7,146.3,23.4,85.6,943.8,201.9
2021-01-14 09:10:00,3,0.7,255.3,23.6,84.2,943.6,185.2
2021-01-14 09:20:00,3,0,328.9,23.9,84,943.7,146.3
2021-01-14 09:30:00,3,0.2,42,23.9,83.2,943.8,117.4
2021-01-14 09:40:00,3,0.5,137.8,23.9,82.6,943.9,115.2
2021-01-14 09:50:00,3,0.7,134.4,24,81,943.9,112.5
2021-01-14 10:00:00,3,1,134.9,24,82.9,943.9,104
2021-01-14 10:10:00,3,0.5,101.9,24.1,83.1,943.9,79.3
2021-01-14 10:20:00,3,1.5,112.5,24.2,80.3,944,55.9
2021-01-14 10:30:00,3,1.1,124.4,24.1,78.6,944.1,37.3
2021-01-14 10:40:00,3,0.2,53,23.9,81.7,944.2,21.6
2021-01-14 10:50:00,3,0.4,10.3,23.7,82.7,944.4,8.3
2021-01-14 11:00:00,3,0.1,313,23.2,85.6,944.4,0
2021-01-14 11:10:00,3,0.4,68.7,23.4,84.7,944.4,0
2021-01-14 11:20:00,3,0.1,14.6,23.1,87.1,944.5,0
2021-01-14 11:30:00,3,1,153.5,23.1,86,944.5,0
2021-01-14 11:40:00,3,0.6,150.1,23.1,86,944.7,0
2021-01-14 11:50:00,3,0.7,129.7,23.2,86.3,944.9,0
2021-01-14 12:00:00,3,0.6,115.5,23.1,86.6,944.9,0
2021-01-14 12:10:00,3,0.4,70.6,23,88.3,945.1,0
2021-01-14 12:20:00,3,0,11.2,22.9,89,945.1,0
2021-01-14 12:30:00,3,0,0,22.8,91.3,945.1,0
2021-01-14 12:40:00,3,0,0,22.7,91,945,0
2021-01-14 12:50:00,3,0,8.9,22.7,91.3,945.1,0
2021-01-14 13:00:00,3,0.5,77.3,22.6,92,945.1,0
2021-01-14 13:10:00,3,0.8,114.3,22.6,91.3,945.2,0
2021-01-14 13:20:00,3,0.6,104.3,22.5,92.1,945.3,0
2021-01-14 13:30:00,3,0.8,121.2,22.5,91.7,945.3,0
2021-01-14 13:40:00,3,0.4,34.1,22.5,92.5,945.2,0
2021-01-14 13:50:00,3,1,93.5,22.3,92.9,945.2,0
2021-01-14 14:00:00,3,0.8,119.1,22.3,93,945.1,0
2021-01-14 14:10:00,3,0.2,58.7,22.3,93.3,945.1,0
2021-01-14 14:20:00,3,0,0,22.3,93.1,945.2,0
2021-01-14 14:30:00,3,0,0,22.3,93.8,945.2,0
2021-01-14 14:40:00,3,0,0,22.3,94.3,945.2,0
2021-01-14 14:50:00,3,0.5,230.1,22.3,94.3,945.2,0
2021-01-14 15:00:00,3,0.7,253.4,22.2,95,945.2,0
2021-01-14 15:10:00,3,1,278.6,22.2,95.1,945.2,0
2021-01-14 15:20:00,3,0.7,246,22.2,94.3,945.1,0
2021-01-14 15:30:00,3,0.6,273.5,22.3,93.8,945.2,0
2021-01-14 15:40:00,3,1,258.6,22.1,91.8,945.1,0
2021-01-14 15:50:00,3,1.2,279.4,22,88.6,945,0
2021-01-14 16:00:00,3,0.9,256.6,21.9,86.3,944.9,0
2021-01-14 16:10:00,3,0.5,246.8,21.7,88.8,944.7,0
2021-01-14 16:20:00,3,0.1,306.4,21.4,90.1,944.6,0
2021-01-14 16:30:00,3,0.7,287.3,21.3,90.3,944.4,0
2021-01-14 16:40:00,3,1.1,290.7,21.4,88.4,944.3,0
2021-01-14 16:50:00,3,0.5,231.6,21.4,87.5,944.4,0
2021-01-14 17:00:00,3,0.6,182.5,21.2,90.1,944.2,0
2021-01-14 17:10:00,3,0.2,313.3,21.2,89.3,944,0
2021-01-14 17:20:00,3,0.5,25.7,21.2,90.2,943.9,0
2021-01-14 17:30:00,3,0.5,348.2,21.2,90.8,943.9,0
2021-01-14 17:40:00,3,0.2,37.4,21.1,91.9,943.9,0
2021-01-14 17:50:00,3,0.5,327.6,21,92.2,943.7,0
2021-01-14 18:00:00,3,0.8,309.5,21,91.7,943.5,0
2021-01-14 18:30:00,3,0.7,316.3,20.8,92.9,943.4,0
2021-01-14 18:40:00,3,0.8,321.1,20.8,92.9,943.4,0
2021-01-14 18:50:00,3,0.9,4.6,20.9,91.7,943.3,0
2021-01-14 19:00:00,3,0.8,310.2,20.9,91.8,943.3,0
2021-01-14 19:10:00,3,0.8,320.2,20.7,92.5,943.2,0
2021-01-14 19:20:00,3,0.8,314.6,20.6,93,943.2,0
2021-01-14 19:30:00,3,0.7,291.7,20.6,93.4,943.1,0
2021-01-14 19:40:00,3,0.7,294.6,20.5,92.9,943,0
2021-01-14 19:50:00,3,0.6,242.2,20.4,92.6,943.2,0
2021-01-14 20:00:00,3,0.5,234.1,20.2,93.3,943.3,0
2021-01-14 20:10:00,3,0.5,303.7,20.2,93.7,943.4,0
2021-01-14 20:20:00,3,1,311.7,20.2,93.6,943.5,0
2021-01-14 20:30:00,3,1.4,313.3,20.3,91.9,943.4,0
2021-01-14 20:40:00,3,0.9,288.8,20.3,91,943.3,0
2021-01-14 20:50:00,3,0.5,276.4,20.2,91.4,943.2,0
2021-01-14 21:00:00,3,0.2,322.9,20.2,91.7,943.2,0
2021-01-14 21:10:00,3,0.2,322.3,20.1,92.5,943.3,0
2021-01-14 21:20:00,3,0.9,233.7,20.2,92.8,943.5,0
2021-01-14 21:30:00,3,2.3,210,20.7,92.1,943.6,0
2021-01-14 21:40:00,3,2.5,181.6,21.6,90.2,943.8,0
2021-01-14 21:50:00,3,1.9,157,21.2,92.2,943.8,0
2021-01-14 22:00:00,3.2,1.2,125.3,20.9,94.8,943.8,0
2021-01-14 22:10:00,3.6,1.4,117.5,20.7,95.1,943.8,0
2021-01-14 22:20:00,3.8,1.9,93.9,20.6,95.4,943.8,0
2021-01-14 22:30:00,3.8,1.5,85.7,20.5,96.6,943.8,0
2021-01-14 22:40:00,3.8,0.5,27.4,20.5,97,943.9,0.7
2021-01-14 22:50:00,4,0,356.4,20.5,97.1,944.1,8.8
2021-01-14 23:00:00,4,0.4,77.9,20.5,96.9,944.3,17.2
2021-01-14 23:10:00,4,1.4,121.8,20.5,96.3,944.4,20.2
2021-01-14 23:20:00,4,0.9,138.2,20.6,95.6,944.5,20.2
2021-01-14 23:30:00,4,0.3,334.5,20.7,95.6,944.5,32.7
2021-01-14 23:40:00,4.2,0.7,89.4,20.8,95.5,944.7,44.2
2021-01-14 23:50:00,4.2,0.8,102.3,20.8,95.5,944.9,81.7
2021-01-15 00:00:00,4.2,0.4,179.6,20.9,94.8,945,87.3
2021-01-15 00:10:00,0,0.3,308,21.1,94,944.8,127
2021-01-15 00:20:00,0,0.7,281.4,21.4,93.1,945,104
2021-01-15 00:30:00,0,1,236.9,21.5,93,944.9,108.2
2021-01-15 00:40:00,0.2,0.5,250,21.5,93.1,944.9,132.9
2021-01-15 00:50:00,0.2,0.7,272.6,21.9,92.9,944.7,244.7
2021-01-15 01:00:00,0.2,0.7,352.6,22.4,89.7,944.6,299.6
2021-01-15 01:10:00,0.2,0.5,126.1,23.1,87,944.4,378.1
2021-01-15 01:20:00,0.2,1.8,101.1,23.6,86.1,944.5,354.3
2021-01-15 01:30:00,0.2,2.6,109.5,23.4,86.9,944.7,390.2
2021-01-15 01:40:00,0.2,2,101.6,23.4,86.3,944.9,449.6
2021-01-15 01:50:00,0.2,1.9,76.5,23.6,85.9,945,379.2
2021-01-15 02:00:00,0.2,1.2,96.5,23.7,84.5,944.9,376.3
2021-01-15 02:10:00,0.2,0.6,68,23.6,83.8,944.7,325
2021-01-15 02:20:00,0.2,1,124.8,24,82.3,944.7,474
2021-01-15 02:30:00,0.2,0.5,28.5,24.5,79.2,944.6,539.5
2021-01-15 02:40:00,0.2,0.3,331.5,24.7,79.1,944.5,433.9
2021-01-15 02:50:00,0.2,1,124.7,25,79.3,944.8,464.5
2021-01-15 03:00:00,0.2,1,89.5,25.3,78.2,944.7,517.1
2021-01-15 03:10:00,0.2,1,80.6,25.3,78.1,944.7,401.5
2021-01-15 03:20:00,0.2,0.5,42.6,25.3,78.2,944.6,341.6
2021-01-15 03:30:00,0.4,0.8,78.5,25.4,77.5,944.3,374.6
2021-01-15 03:40:00,0.4,0.5,114,25.5,77.6,944.2,353.1
2021-01-15 03:50:00,0.4,0.9,134.5,25.6,78.4,944.2,316.6
2021-01-15 04:00:00,0.4,1.7,145.1,25.6,78.2,944.1,299.7
2021-01-15 04:10:00,0.4,2.1,155,25.4,79.5,944,195.5
2021-01-15 04:20:00,0.4,1.5,154.5,25.4,79.7,943.9,195.2
2021-01-15 04:30:00,0.4,1.3,154.7,25.6,78.9,943.7,166.1
2021-01-15 04:40:00,0.4,1.2,138.1,25.6,78.6,943.5,175.5
2021-01-15 04:50:00,0.4,1.6,159.6,25.6,78,943.4,183.2
2021-01-15 05:00:00,0.4,1.7,135.7,25.4,79.2,943.3,152.4
2021-01-15 05:10:00,0.4,1.8,140.9,25.4,79,943.4,179.1
2021-01-15 05:20:00,0.4,1.8,139.7,25.4,79.7,943.4,200.3
2021-01-15 05:30:00,0.4,1.6,142.9,25.4,79.9,943.3,263.9
2021-01-15 05:40:00,0.4,1.3,111.2,25.6,78.3,943.2,323.5
2021-01-15 05:50:00,0.4,1.6,158,25.8,77,943,264.8
2021-01-15 06:00:00,0.4,1.7,149.4,25.8,74.9,943,181.8
2021-01-15 06:10:00,0.4,1.1,117.8,25.7,75.4,942.9,186.1
2021-01-15 06:20:00,0.4,1.6,101.9,25.9,74.8,942.8,314.2
2021-01-15 06:30:00,0.4,1.6,122.8,26.3,71.3,942.7,394
2021-01-15 06:40:00,0.4,2.1,123.4,26.4,70.7,942.5,347.8
2021-01-15 06:50:00,0.4,2.3,120.1,26.2,73.2,942.4,269.4
2021-01-15 07:00:00,0.4,2.2,105,25.8,76.3,942.5,213.9
2021-01-15 07:10:00,0.4,2,95.9,25.7,76.8,942.4,162.2
2021-01-15 07:20:00,0.4,2,107.9,25.5,76.7,942.4,142.1
2021-01-15 07:30:00,0.4,1.7,101.8,25.2,76.4,942.3,169
2021-01-15 07:40:00,0.4,1.8,87.5,25.2,76.9,942.3,190.9
2021-01-15 07:50:00,0.4,2.1,61.6,25.2,78,942.3,185.1
2021-01-15 08:00:00,0.4,2,66.5,25.3,78.5,942.3,176.1
2021-01-15 08:10:00,0.4,1.9,82,25.2,77,942.1,163.7
2021-01-15 08:20:00,0.4,1.5,101.2,25.2,75.6,942,173.2
2021-01-15 08:30:00,0.4,1.9,117.8,25.1,74.1,942.2,148.4
2021-01-15 08:40:00,0.4,2.3,117.5,24.7,77.2,942.2,131.7
2021-01-15 08:50:00,0.4,2.3,113.3,24.5,78.9,942.1,128.2
2021-01-15 09:00:00,0.4,1.7,85.5,24.5,79.7,942.1,104.4
2021-01-15 09:10:00,0,0,0,0,0,0,0
2021-01-15 09:20:00,0.4,0.9,18.4,24.6,79.6,942.1,92.6
2021-01-15 09:30:00,0.4,1.1,15.7,24.8,79.1,942.2,81.1
2021-01-15 09:40:00,0.4,1,32.6,24.7,79.6,942.4,62.5
2021-01-15 09:50:00,0.4,1,28.8,24.5,80.8,942.5,52.3
2021-01-15 10:00:00,0.4,1.1,38.7,24.3,81,942.6,43.3
2021-01-15 10:10:00,0.4,1,35.1,24.2,81.5,942.7,37.2
2021-01-15 10:20:00,0.4,1.3,56.3,24.1,81.5,942.8,31
2021-01-15 10:30:00,0.4,1.6,55.5,23.9,82.9,942.9,19.9
2021-01-15 10:40:00,0.4,2.1,79.2,23.7,83.1,942.9,11.5
2021-01-15 10:50:00,0.4,2.1,85,23.5,83.6,943,0.8
2021-01-15 11:00:00,0.4,1.5,93.3,23.3,85.6,943.3,0
2021-01-15 11:10:00,0.4,1.3,93.2,23.1,86.7,943.3,0
2021-01-15 11:20:00,0.4,1.4,87.4,23.1,87.6,943.4,0
2021-01-15 11:30:00,0.4,1.1,74.7,23,88.8,943.6,0
2021-01-15 11:40:00,0.4,0.8,57.5,23,88.5,943.8,0
2021-01-15 11:50:00,0.4,0.6,28.6,22.9,88.8,943.9,0
2021-01-15 12:00:00,0.4,0.8,47.4,22.8,88.6,943.9,0
2021-01-15 12:10:00,0.4,0.7,9,22.8,89,943.9,0
2021-01-15 12:20:00,0.4,0.8,3.9,22.8,89.3,943.9,0
2021-01-15 12:30:00,0.4,0.7,3.8,22.8,89.6,944.1,0
2021-01-15 12:40:00,0.4,0.7,20.8,22.8,90.1,944.3,0
2021-01-15 12:50:00,0.4,0.4,25.2,22.7,90.8,944.4,0
2021-01-15 13:00:00,0.4,0,3.3,22.7,90.7,944.5,0
2021-01-15 13:10:00,0.4,0.1,17.2,22.6,91.2,944.5,0
2021-01-15 13:20:00,0.4,0,0,22.5,91.7,944.6,0
2021-01-15 13:30:00,0.4,0,0,22.4,92.3,944.7,0
2021-01-15 13:40:00,0.4,0,0,22.4,93,944.8,0
2021-01-15 13:50:00,0.4,0,0,22.4,93.4,944.9,0
2021-01-15 14:00:00,0.4,0,0,22.3,94,944.7,0
2021-01-15 14:10:00,0.4,0,0,22.2,94.8,944.6,0
2021-01-15 14:20:00,0.4,0,0,22.1,95.1,944.6,0
2021-01-15 14:50:00,0.4,0.5,146.1,22,95.6,944.7,0
2021-01-15 15:00:00,0.4,0,346.1,22,95.7,944.6,0
2021-01-15 15:10:00,0.4,0.4,357.1,22,96,944.4,0
2021-01-15 15:20:00,0.4,0.9,315.2,22.1,95.4,944.2,0
2021-01-15 15:30:00,0.4,0.1,347.6,22,94.5,944.1,0
2021-01-15 15:40:00,0.4,0.4,243.3,22,93.4,944.1,0
2021-01-15 15:50:00,0.4,0,328.6,21.9,93.4,944.1,0
2021-01-15 16:00:00,0.4,0,8,21.9,93.2,943.9,0
2021-01-15 16:10:00,0.4,0.8,142.7,21.8,94.3,943.8,0
2021-01-15 16:20:00,0.6,1,181.8,21.9,94.5,943.6,0
2021-01-15 16:30:00,0.6,0.7,139.1,21.8,93.3,943.4,0
2021-01-15 16:40:00,0.6,0,68.7,21.8,94.1,943.4,0
2021-01-15 16:50:00,0.6,1.6,116.2,21.7,93,943.3,0
2021-01-15 17:00:00,0.6,0.8,149.7,21.7,91.8,943.3,0
2021-01-15 17:10:00,0.6,0.3,110.9,21.6,93,943.3,0
2021-01-15 17:20:00,0.6,0.7,128.2,21.5,93.2,943.2,0
2021-01-15 17:30:00,0.6,0.2,75,21.5,92.9,943,0
2021-01-15 17:40:00,0.6,0.4,330.6,21.4,93.7,942.8,0
2021-01-15 17:50:00,0.6,0.7,318.2,21.4,94.3,942.7,0
2021-01-15 18:00:00,0.6,0.3,337.6,21.3,94.9,942.4,0
2021-01-15 18:10:00,0.6,0,0,21.3,95.1,942.5,0
2021-01-15 18:20:00,0.6,0,0,21.3,95,942.5,0
2021-01-15 18:30:00,0.6,0,0,21.2,94.9,942.4,0
2021-01-15 18:40:00,0.6,0,0,21.3,95.2,942.3,0
2021-01-15 18:50:00,0.6,0,0,21.2,95.9,942.3,0
2021-01-15 19:00:00,0.6,0,0,21.2,95.9,942.1,0
2021-01-15 19:10:00,0.6,0,0,21.2,95.3,942.1,0
2021-01-15 19:20:00,0.6,0,0,21.3,94.5,942.1,0
2021-01-15 19:30:00,0.6,0.1,330.6,21.5,94.3,942.1,0
2021-01-15 19:40:00,0.6,1,351.2,21.5,94.7,942,0
2021-01-15 19:50:00,0.6,1.2,138.2,21.4,95.2,942.1,0
2021-01-15 20:00:00,0.6,2,129.3,21.4,95.9,942.1,0
2021-01-15 20:10:00,0.6,1.9,118.1,21.2,96.2,942.2,0
2021-01-15 20:20:00,0.6,1.8,130.7,20.8,96.1,942.2,0
2021-01-15 20:30:00,0.6,1.1,126.9,20.6,96.6,942.2,0
2021-01-15 20:40:00,0.8,0.8,114.5,20.6,97.1,942.2,0
2021-01-15 20:50:00,0.8,1,108.5,20.7,97.3,942.1,0
2021-01-15 21:00:00,0.8,1,65.8,20.6,97.3,942.1,0
2021-01-15 21:10:00,0.8,0.5,25.3,20.6,97.4,942.2,0
2021-01-15 21:20:00,0.8,0,6.3,20.5,97.4,942.3,0
2021-01-15 21:30:00,0.8,0,0,20.6,97.4,942.3,0
2021-01-15 21:40:00,0.8,0,0,20.6,97.4,942.5,0
2021-01-15 21:50:00,0.8,0,0,20.7,97.4,942.5,0
2021-01-15 22:00:00,0.8,0.6,297.1,20.8,97.4,942.5,0
2021-01-15 22:10:00,0.8,0.2,313.4,20.8,97.3,942.6,0
2021-01-15 22:20:00,0.8,0,344,20.8,97.3,942.7,0
2021-01-15 22:30:00,1,1.2,96.8,20.9,97.3,942.9,0
2021-01-15 22:40:00,1,1,179.9,20.9,97.5,943.1,0.1
2021-01-15 22:50:00,1,0.7,117.6,20.9,97.5,943.2,6.7
2021-01-15 23:20:00,1,1.2,62,21.2,95.8,943.3,37.4
2021-01-15 23:30:00,1,0.9,62.1,21.2,95.6,943.3,51.7
2021-01-15 23:40:00,1,0.9,69.5,21.3,94.8,943.4,61.2
2021-01-15 23:50:00,1,0.7,78.2,21.4,94.4,943.5,58.7
2021-01-16 00:00:00,1,0.7,87.2,21.4,94.4,943.7,50
